seed_rule,seed_type,beta_regime,rep_id,sim_seed,beta_within_iter,seed_hospital_iter
highest_betweenness,fixed,high,19,11019,0.0013058846549176932,030000061
highest_betweenness,fixed,high,8,11008,0.007132926475165046,030000061
highest_betweenness,fixed,high,6,11006,0.011344124479703847,030000061
highest_betweenness,fixed,high,4,11004,0.01405929272109981,030000061
highest_betweenness,fixed,high,7,11007,0.01493883481448045,030000061
highest_betweenness,fixed,high,5,11005,0.015293539956781172,030000061
highest_betweenness,fixed,high,3,11003,0.01624922451388594,030000061
highest_betweenness,fixed,high,10,11010,0.019520846083861447,030000061
highest_betweenness,fixed,high,18,11018,0.02066338432746034,030000061
highest_betweenness,fixed,high,12,11012,0.021662029838736236,030000061
highest_betweenness,fixed,high,16,11016,0.023817363206988382,030000061
highest_betweenness,fixed,high,15,11015,0.027583093885849667,030000061
highest_betweenness,fixed,high,1,11001,0.02862659363199643,030000061
highest_betweenness,fixed,high,20,11020,0.029411075149386047,030000061
highest_betweenness,fixed,high,14,11014,0.030920565964364204,030000061
highest_betweenness,fixed,high,9,11009,0.03128659938883805,030000061
highest_betweenness,fixed,high,11,11011,0.032374558059402134,030000061
highest_betweenness,fixed,high,13,11013,0.03851945116072104,030000061
highest_betweenness,fixed,high,17,11017,0.03906857330551345,030000061
highest_betweenness,fixed,high,2,11002,0.04212319862880011,030000061
highest_betweenness,fixed,low,13,11013,5.557824619458048e-4,030000061
highest_betweenness,fixed,low,18,11018,0.003211175938422628,030000061
highest_betweenness,fixed,low,4,11004,0.0032115623371436796,030000061
highest_betweenness,fixed,low,12,11012,0.0034514416622792215,030000061
highest_betweenness,fixed,low,8,11008,0.0035295010399841497,030000061
highest_betweenness,fixed,low,20,11020,0.003562223327239644,030000061
highest_betweenness,fixed,low,3,11003,0.0036001061769761356,030000061
highest_betweenness,fixed,low,11,11011,0.005085265204119313,030000061
highest_betweenness,fixed,low,16,11016,0.005169270191932729,030000061
highest_betweenness,fixed,low,19,11019,0.005470742154229341,030000061
highest_betweenness,fixed,low,14,11014,0.005682275376178242,030000061
highest_betweenness,fixed,low,2,11002,0.005735981629763286,030000061
highest_betweenness,fixed,low,9,11009,0.005736733073273484,030000061
highest_betweenness,fixed,low,7,11007,0.005980174615304863,030000061
highest_betweenness,fixed,low,10,11010,0.007082184838806024,030000061
highest_betweenness,fixed,low,1,11001,0.007636923745742374,030000061
highest_betweenness,fixed,low,17,11017,0.007861800370371647,030000061
highest_betweenness,fixed,low,15,11015,0.008222135681357857,030000061
highest_betweenness,fixed,low,5,11005,0.008289253537182694,030000061
highest_betweenness,fixed,low,6,11006,0.0087864994275477,030000061
highest_betweenness,fixed,mid,3,11003,0.0013348618875221787,030000061
highest_betweenness,fixed,mid,17,11017,0.0031343546373878636,030000061
highest_betweenness,fixed,mid,13,11013,0.005537319724398973,030000061
highest_betweenness,fixed,mid,11,11011,0.007772066217095064,030000061
highest_betweenness,fixed,mid,5,11005,0.00825717860820217,030000061
highest_betweenness,fixed,mid,7,11007,0.008303860011077462,030000061
highest_betweenness,fixed,mid,10,11010,0.008375840369998331,030000061
highest_betweenness,fixed,mid,4,11004,0.009590111313124821,030000061
highest_betweenness,fixed,mid,2,11002,0.011189451809136637,030000061
highest_betweenness,fixed,mid,14,11014,0.011965251752898205,030000061
highest_betweenness,fixed,mid,18,11018,0.012966210971235846,030000061
highest_betweenness,fixed,mid,19,11019,0.01443747881619253,030000061
highest_betweenness,fixed,mid,9,11009,0.014498754628620275,030000061
highest_betweenness,fixed,mid,8,11008,0.014885892457082057,030000061
highest_betweenness,fixed,mid,12,11012,0.015173067142046597,030000061
highest_betweenness,fixed,mid,15,11015,0.01566944554800165,030000061
highest_betweenness,fixed,mid,20,11020,0.016949320752733324,030000061
highest_betweenness,fixed,mid,1,11001,0.017071836183330413,030000061
highest_betweenness,fixed,mid,6,11006,0.020920363252501226,030000061
highest_betweenness,fixed,mid,16,11016,0.026613471699032925,030000061
highest_in_degree + highest_out_degree + largest_outgoing,fixed,high,19,11019,0.0013058846549176932,750100125
highest_in_degree + highest_out_degree + largest_outgoing,fixed,high,8,11008,0.007132926475165046,750100125
highest_in_degree + highest_out_degree + largest_outgoing,fixed,high,6,11006,0.011344124479703847,750100125
highest_in_degree + highest_out_degree + largest_outgoing,fixed,high,4,11004,0.01405929272109981,750100125
highest_in_degree + highest_out_degree + largest_outgoing,fixed,high,7,11007,0.01493883481448045,750100125
highest_in_degree + highest_out_degree + largest_outgoing,fixed,high,5,11005,0.015293539956781172,750100125
highest_in_degree + highest_out_degree + largest_outgoing,fixed,high,3,11003,0.01624922451388594,750100125
highest_in_degree + highest_out_degree + largest_outgoing,fixed,high,10,11010,0.019520846083861447,750100125
highest_in_degree + highest_out_degree + largest_outgoing,fixed,high,18,11018,0.02066338432746034,750100125
highest_in_degree + highest_out_degree + largest_outgoing,fixed,high,12,11012,0.021662029838736236,750100125
highest_in_degree + highest_out_degree + largest_outgoing,fixed,high,16,11016,0.023817363206988382,750100125
highest_in_degree + highest_out_degree + largest_outgoing,fixed,high,15,11015,0.027583093885849667,750100125
highest_in_degree + highest_out_degree + largest_outgoing,fixed,high,1,11001,0.02862659363199643,750100125
highest_in_degree + highest_out_degree + largest_outgoing,fixed,high,20,11020,0.029411075149386047,750100125
highest_in_degree + highest_out_degree + largest_outgoing,fixed,high,14,11014,0.030920565964364204,750100125
highest_in_degree + highest_out_degree + largest_outgoing,fixed,high,9,11009,0.03128659938883805,750100125
highest_in_degree + highest_out_degree + largest_outgoing,fixed,high,11,11011,0.032374558059402134,750100125
highest_in_degree + highest_out_degree + largest_outgoing,fixed,high,13,11013,0.03851945116072104,750100125
highest_in_degree + highest_out_degree + largest_outgoing,fixed,high,17,11017,0.03906857330551345,750100125
highest_in_degree + highest_out_degree + largest_outgoing,fixed,high,2,11002,0.04212319862880011,750100125
highest_in_degree + highest_out_degree + largest_outgoing,fixed,low,13,11013,5.557824619458048e-4,750100125
highest_in_degree + highest_out_degree + largest_outgoing,fixed,low,18,11018,0.003211175938422628,750100125
highest_in_degree + highest_out_degree + largest_outgoing,fixed,low,4,11004,0.0032115623371436796,750100125
highest_in_degree + highest_out_degree + largest_outgoing,fixed,low,12,11012,0.0034514416622792215,750100125
highest_in_degree + highest_out_degree + largest_outgoing,fixed,low,8,11008,0.0035295010399841497,750100125
highest_in_degree + highest_out_degree + largest_outgoing,fixed,low,20,11020,0.003562223327239644,750100125
highest_in_degree + highest_out_degree + largest_outgoing,fixed,low,3,11003,0.0036001061769761356,750100125
highest_in_degree + highest_out_degree + largest_outgoing,fixed,low,11,11011,0.005085265204119313,750100125
highest_in_degree + highest_out_degree + largest_outgoing,fixed,low,16,11016,0.005169270191932729,750100125
highest_in_degree + highest_out_degree + largest_outgoing,fixed,low,19,11019,0.005470742154229341,750100125
highest_in_degree + highest_out_degree + largest_outgoing,fixed,low,14,11014,0.005682275376178242,750100125
highest_in_degree + highest_out_degree + largest_outgoing,fixed,low,2,11002,0.005735981629763286,750100125
highest_in_degree + highest_out_degree + largest_outgoing,fixed,low,9,11009,0.005736733073273484,750100125
highest_in_degree + highest_out_degree + largest_outgoing,fixed,low,7,11007,0.005980174615304863,750100125
highest_in_degree + highest_out_degree + largest_outgoing,fixed,low,10,11010,0.007082184838806024,750100125
highest_in_degree + highest_out_degree + largest_outgoing,fixed,low,1,11001,0.007636923745742374,750100125
highest_in_degree + highest_out_degree + largest_outgoing,fixed,low,17,11017,0.007861800370371647,750100125
highest_in_degree + highest_out_degree + largest_outgoing,fixed,low,15,11015,0.008222135681357857,750100125
highest_in_degree + highest_out_degree + largest_outgoing,fixed,low,5,11005,0.008289253537182694,750100125
highest_in_degree + highest_out_degree + largest_outgoing,fixed,low,6,11006,0.0087864994275477,750100125
highest_in_degree + highest_out_degree + largest_outgoing,fixed,mid,3,11003,0.0013348618875221787,750100125
highest_in_degree + highest_out_degree + largest_outgoing,fixed,mid,17,11017,0.0031343546373878636,750100125
highest_in_degree + highest_out_degree + largest_outgoing,fixed,mid,13,11013,0.005537319724398973,750100125
highest_in_degree + highest_out_degree + largest_outgoing,fixed,mid,11,11011,0.007772066217095064,750100125
highest_in_degree + highest_out_degree + largest_outgoing,fixed,mid,5,11005,0.00825717860820217,750100125
highest_in_degree + highest_out_degree + largest_outgoing,fixed,mid,7,11007,0.008303860011077462,750100125
highest_in_degree + highest_out_degree + largest_outgoing,fixed,mid,10,11010,0.008375840369998331,750100125
highest_in_degree + highest_out_degree + largest_outgoing,fixed,mid,4,11004,0.009590111313124821,750100125
highest_in_degree + highest_out_degree + largest_outgoing,fixed,mid,2,11002,0.011189451809136637,750100125
highest_in_degree + highest_out_degree + largest_outgoing,fixed,mid,14,11014,0.011965251752898205,750100125
highest_in_degree + highest_out_degree + largest_outgoing,fixed,mid,18,11018,0.012966210971235846,750100125
highest_in_degree + highest_out_degree + largest_outgoing,fixed,mid,19,11019,0.01443747881619253,750100125
highest_in_degree + highest_out_degree + largest_outgoing,fixed,mid,9,11009,0.014498754628620275,750100125
highest_in_degree + highest_out_degree + largest_outgoing,fixed,mid,8,11008,0.014885892457082057,750100125
highest_in_degree + highest_out_degree + largest_outgoing,fixed,mid,12,11012,0.015173067142046597,750100125
highest_in_degree + highest_out_degree + largest_outgoing,fixed,mid,15,11015,0.01566944554800165,750100125
highest_in_degree + highest_out_degree + largest_outgoing,fixed,mid,20,11020,0.016949320752733324,750100125
highest_in_degree + highest_out_degree + largest_outgoing,fixed,mid,1,11001,0.017071836183330413,750100125
highest_in_degree + highest_out_degree + largest_outgoing,fixed,mid,6,11006,0.020920363252501226,750100125
highest_in_degree + highest_out_degree + largest_outgoing,fixed,mid,16,11016,0.026613471699032925,750100125
largest_beds,fixed,high,19,11019,0.0013058846549176932,940000573
largest_beds,fixed,high,8,11008,0.007132926475165046,940000573
largest_beds,fixed,high,6,11006,0.011344124479703847,940000573
largest_beds,fixed,high,4,11004,0.01405929272109981,940000573
largest_beds,fixed,high,7,11007,0.01493883481448045,940000573
largest_beds,fixed,high,5,11005,0.015293539956781172,940000573
largest_beds,fixed,high,3,11003,0.01624922451388594,940000573
largest_beds,fixed,high,10,11010,0.019520846083861447,940000573
largest_beds,fixed,high,18,11018,0.02066338432746034,940000573
largest_beds,fixed,high,12,11012,0.021662029838736236,940000573
largest_beds,fixed,high,16,11016,0.023817363206988382,940000573
largest_beds,fixed,high,15,11015,0.027583093885849667,940000573
largest_beds,fixed,high,1,11001,0.02862659363199643,940000573
largest_beds,fixed,high,20,11020,0.029411075149386047,940000573
largest_beds,fixed,high,14,11014,0.030920565964364204,940000573
largest_beds,fixed,high,9,11009,0.03128659938883805,940000573
largest_beds,fixed,high,11,11011,0.032374558059402134,940000573
largest_beds,fixed,high,13,11013,0.03851945116072104,940000573
largest_beds,fixed,high,17,11017,0.03906857330551345,940000573
largest_beds,fixed,high,2,11002,0.04212319862880011,940000573
largest_beds,fixed,low,13,11013,5.557824619458048e-4,940000573
largest_beds,fixed,low,18,11018,0.003211175938422628,940000573
largest_beds,fixed,low,4,11004,0.0032115623371436796,940000573
largest_beds,fixed,low,12,11012,0.0034514416622792215,940000573
largest_beds,fixed,low,8,11008,0.0035295010399841497,940000573
largest_beds,fixed,low,20,11020,0.003562223327239644,940000573
largest_beds,fixed,low,3,11003,0.0036001061769761356,940000573
largest_beds,fixed,low,11,11011,0.005085265204119313,940000573
largest_beds,fixed,low,16,11016,0.005169270191932729,940000573
largest_beds,fixed,low,19,11019,0.005470742154229341,940000573
largest_beds,fixed,low,14,11014,0.005682275376178242,940000573
largest_beds,fixed,low,2,11002,0.005735981629763286,940000573
largest_beds,fixed,low,9,11009,0.005736733073273484,940000573
largest_beds,fixed,low,7,11007,0.005980174615304863,940000573
largest_beds,fixed,low,10,11010,0.007082184838806024,940000573
largest_beds,fixed,low,1,11001,0.007636923745742374,940000573
largest_beds,fixed,low,17,11017,0.007861800370371647,940000573
largest_beds,fixed,low,15,11015,0.008222135681357857,940000573
largest_beds,fixed,low,5,11005,0.008289253537182694,940000573
largest_beds,fixed,low,6,11006,0.0087864994275477,940000573
largest_beds,fixed,mid,3,11003,0.0013348618875221787,940000573
largest_beds,fixed,mid,17,11017,0.0031343546373878636,940000573
largest_beds,fixed,mid,13,11013,0.005537319724398973,940000573
largest_beds,fixed,mid,11,11011,0.007772066217095064,940000573
largest_beds,fixed,mid,5,11005,0.00825717860820217,940000573
largest_beds,fixed,mid,7,11007,0.008303860011077462,940000573
largest_beds,fixed,mid,10,11010,0.008375840369998331,940000573
largest_beds,fixed,mid,4,11004,0.009590111313124821,940000573
largest_beds,fixed,mid,2,11002,0.011189451809136637,940000573
largest_beds,fixed,mid,14,11014,0.011965251752898205,940000573
largest_beds,fixed,mid,18,11018,0.012966210971235846,940000573
largest_beds,fixed,mid,19,11019,0.01443747881619253,940000573
largest_beds,fixed,mid,9,11009,0.014498754628620275,940000573
largest_beds,fixed,mid,8,11008,0.014885892457082057,940000573
largest_beds,fixed,mid,12,11012,0.015173067142046597,940000573
largest_beds,fixed,mid,15,11015,0.01566944554800165,940000573
largest_beds,fixed,mid,20,11020,0.016949320752733324,940000573
largest_beds,fixed,mid,1,11001,0.017071836183330413,940000573
largest_beds,fixed,mid,6,11006,0.020920363252501226,940000573
largest_beds,fixed,mid,16,11016,0.026613471699032925,940000573
random_MCO,type_random,high,19,11019,0.0013058846549176932,210987699
random_MCO,type_random,high,8,11008,0.007132926475165046,340780717
random_MCO,type_random,high,6,11006,0.011344124479703847,920300787
random_MCO,type_random,high,4,11004,0.01405929272109981,470000159
random_MCO,type_random,high,7,11007,0.01493883481448045,780300422
random_MCO,type_random,high,5,11005,0.015293539956781172,530008788
random_MCO,type_random,high,3,11003,0.01624922451388594,330780040
random_MCO,type_random,high,10,11010,0.019520846083861447,690054713
random_MCO,type_random,high,18,11018,0.02066338432746034,380013037
random_MCO,type_random,high,12,11012,0.021662029838736236,240000216
random_MCO,type_random,high,16,11016,0.023817363206988382,110000023
random_MCO,type_random,high,15,11015,0.027583093885849667,770000446
random_MCO,type_random,high,1,11001,0.02862659363199643,730000262
random_MCO,type_random,high,20,11020,0.029411075149386047,540001286
random_MCO,type_random,high,14,11014,0.030920565964364204,670799667
random_MCO,type_random,high,9,11009,0.03128659938883805,140016759
random_MCO,type_random,high,11,11011,0.032374558059402134,330000589
random_MCO,type_random,high,13,11013,0.03851945116072104,770813400
random_MCO,type_random,high,17,11017,0.03906857330551345,750300667
random_MCO,type_random,high,2,11002,0.04212319862880011,630000479
random_MCO,type_random,low,13,11013,5.557824619458048e-4,770813400
random_MCO,type_random,low,18,11018,0.003211175938422628,380013037
random_MCO,type_random,low,4,11004,0.0032115623371436796,470000159
random_MCO,type_random,low,12,11012,0.0034514416622792215,240000216
random_MCO,type_random,low,8,11008,0.0035295010399841497,340780717
random_MCO,type_random,low,20,11020,0.003562223327239644,540001286
random_MCO,type_random,low,3,11003,0.0036001061769761356,330780040
random_MCO,type_random,low,11,11011,0.005085265204119313,330000589
random_MCO,type_random,low,16,11016,0.005169270191932729,110000023
random_MCO,type_random,low,19,11019,0.005470742154229341,210987699
random_MCO,type_random,low,14,11014,0.005682275376178242,670799667
random_MCO,type_random,low,2,11002,0.005735981629763286,630000479
random_MCO,type_random,low,9,11009,0.005736733073273484,140016759
random_MCO,type_random,low,7,11007,0.005980174615304863,780300422
random_MCO,type_random,low,10,11010,0.007082184838806024,690054713
random_MCO,type_random,low,1,11001,0.007636923745742374,730000262
random_MCO,type_random,low,17,11017,0.007861800370371647,750300667
random_MCO,type_random,low,15,11015,0.008222135681357857,770000446
random_MCO,type_random,low,5,11005,0.008289253537182694,530008788
random_MCO,type_random,low,6,11006,0.0087864994275477,920300787
random_MCO,type_random,mid,3,11003,0.0013348618875221787,330780040
random_MCO,type_random,mid,17,11017,0.0031343546373878636,750300667
random_MCO,type_random,mid,13,11013,0.005537319724398973,770813400
random_MCO,type_random,mid,11,11011,0.007772066217095064,330000589
random_MCO,type_random,mid,5,11005,0.00825717860820217,530008788
random_MCO,type_random,mid,7,11007,0.008303860011077462,780300422
random_MCO,type_random,mid,10,11010,0.008375840369998331,690054713
random_MCO,type_random,mid,4,11004,0.009590111313124821,470000159
random_MCO,type_random,mid,2,11002,0.011189451809136637,630000479
random_MCO,type_random,mid,14,11014,0.011965251752898205,670799667
random_MCO,type_random,mid,18,11018,0.012966210971235846,380013037
random_MCO,type_random,mid,19,11019,0.01443747881619253,210987699
random_MCO,type_random,mid,9,11009,0.014498754628620275,140016759
random_MCO,type_random,mid,8,11008,0.014885892457082057,340780717
random_MCO,type_random,mid,12,11012,0.015173067142046597,240000216
random_MCO,type_random,mid,15,11015,0.01566944554800165,770000446
random_MCO,type_random,mid,20,11020,0.016949320752733324,540001286
random_MCO,type_random,mid,1,11001,0.017071836183330413,730000262
random_MCO,type_random,mid,6,11006,0.020920363252501226,920300787
random_MCO,type_random,mid,16,11016,0.026613471699032925,110000023
random_MCO_SSR,type_random,high,19,11019,0.0013058846549176932,750055287
random_MCO_SSR,type_random,high,8,11008,0.007132926475165046,770000149
random_MCO_SSR,type_random,high,6,11006,0.011344124479703847,350005021
random_MCO_SSR,type_random,high,4,11004,0.01405929272109981,580972685
random_MCO_SSR,type_random,high,7,11007,0.01493883481448045,750100232
random_MCO_SSR,type_random,high,5,11005,0.015293539956781172,130000565
random_MCO_SSR,type_random,high,3,11003,0.01624922451388594,410004063
random_MCO_SSR,type_random,high,10,11010,0.019520846083861447,020000089
random_MCO_SSR,type_random,high,18,11018,0.02066338432746034,250000627
random_MCO_SSR,type_random,high,12,11012,0.021662029838736236,770000164
random_MCO_SSR,type_random,high,16,11016,0.023817363206988382,460780042
random_MCO_SSR,type_random,high,15,11015,0.027583093885849667,010000065
random_MCO_SSR,type_random,high,1,11001,0.02862659363199643,520000019
random_MCO_SSR,type_random,high,20,11020,0.029411075149386047,240000455
random_MCO_SSR,type_random,high,14,11014,0.030920565964364204,260000278
random_MCO_SSR,type_random,high,9,11009,0.03128659938883805,490000262
random_MCO_SSR,type_random,high,11,11011,0.032374558059402134,640000600
random_MCO_SSR,type_random,high,13,11013,0.03851945116072104,380000026
random_MCO_SSR,type_random,high,17,11017,0.03906857330551345,830100558
random_MCO_SSR,type_random,high,2,11002,0.04212319862880011,830213856
random_MCO_SSR,type_random,low,13,11013,5.557824619458048e-4,380000026
random_MCO_SSR,type_random,low,18,11018,0.003211175938422628,250000627
random_MCO_SSR,type_random,low,4,11004,0.0032115623371436796,580972685
random_MCO_SSR,type_random,low,12,11012,0.0034514416622792215,770000164
random_MCO_SSR,type_random,low,8,11008,0.0035295010399841497,770000149
random_MCO_SSR,type_random,low,20,11020,0.003562223327239644,240000455
random_MCO_SSR,type_random,low,3,11003,0.0036001061769761356,410004063
random_MCO_SSR,type_random,low,11,11011,0.005085265204119313,640000600
random_MCO_SSR,type_random,low,16,11016,0.005169270191932729,460780042
random_MCO_SSR,type_random,low,19,11019,0.005470742154229341,750055287
random_MCO_SSR,type_random,low,14,11014,0.005682275376178242,260000278
random_MCO_SSR,type_random,low,2,11002,0.005735981629763286,830213856
random_MCO_SSR,type_random,low,9,11009,0.005736733073273484,490000262
random_MCO_SSR,type_random,low,7,11007,0.005980174615304863,750100232
random_MCO_SSR,type_random,low,10,11010,0.007082184838806024,020000089
random_MCO_SSR,type_random,low,1,11001,0.007636923745742374,520000019
random_MCO_SSR,type_random,low,17,11017,0.007861800370371647,830100558
random_MCO_SSR,type_random,low,15,11015,0.008222135681357857,010000065
random_MCO_SSR,type_random,low,5,11005,0.008289253537182694,130000565
random_MCO_SSR,type_random,low,6,11006,0.0087864994275477,350005021
random_MCO_SSR,type_random,mid,3,11003,0.0013348618875221787,410004063
random_MCO_SSR,type_random,mid,17,11017,0.0031343546373878636,830100558
random_MCO_SSR,type_random,mid,13,11013,0.005537319724398973,380000026
random_MCO_SSR,type_random,mid,11,11011,0.007772066217095064,640000600
random_MCO_SSR,type_random,mid,5,11005,0.00825717860820217,130000565
random_MCO_SSR,type_random,mid,7,11007,0.008303860011077462,750100232
random_MCO_SSR,type_random,mid,10,11010,0.008375840369998331,020000089
random_MCO_SSR,type_random,mid,4,11004,0.009590111313124821,580972685
random_MCO_SSR,type_random,mid,2,11002,0.011189451809136637,830213856
random_MCO_SSR,type_random,mid,14,11014,0.011965251752898205,260000278
random_MCO_SSR,type_random,mid,18,11018,0.012966210971235846,250000627
random_MCO_SSR,type_random,mid,19,11019,0.01443747881619253,750055287
random_MCO_SSR,type_random,mid,9,11009,0.014498754628620275,490000262
random_MCO_SSR,type_random,mid,8,11008,0.014885892457082057,770000149
random_MCO_SSR,type_random,mid,12,11012,0.015173067142046597,770000164
random_MCO_SSR,type_random,mid,15,11015,0.01566944554800165,010000065
random_MCO_SSR,type_random,mid,20,11020,0.016949320752733324,240000455
random_MCO_SSR,type_random,mid,1,11001,0.017071836183330413,520000019
random_MCO_SSR,type_random,mid,6,11006,0.020920363252501226,350005021
random_MCO_SSR,type_random,mid,16,11016,0.026613471699032925,460780042
random_SSR,type_random,high,19,11019,0.0013058846549176932,660781097
random_SSR,type_random,high,8,11008,0.007132926475165046,380009928
random_SSR,type_random,high,6,11006,0.011344124479703847,670000041
random_SSR,type_random,high,4,11004,0.01405929272109981,720000413
random_SSR,type_random,high,7,11007,0.01493883481448045,640780649
random_SSR,type_random,high,5,11005,0.015293539956781172,590810784
random_SSR,type_random,high,3,11003,0.01624922451388594,950100024
random_SSR,type_random,high,10,11010,0.019520846083861447,640780904
random_SSR,type_random,high,18,11018,0.02066338432746034,610000085
random_SSR,type_random,high,12,11012,0.021662029838736236,680000312
random_SSR,type_random,high,16,11016,0.023817363206988382,290036466
random_SSR,type_random,high,15,11015,0.027583093885849667,710002569
random_SSR,type_random,high,1,11001,0.02862659363199643,740780135
random_SSR,type_random,high,20,11020,0.029411075149386047,290036474
random_SSR,type_random,high,14,11014,0.030920565964364204,690000054
random_SSR,type_random,high,9,11009,0.03128659938883805,760780981
random_SSR,type_random,high,11,11011,0.032374558059402134,130042526
random_SSR,type_random,high,13,11013,0.03851945116072104,500012687
random_SSR,type_random,high,17,11017,0.03906857330551345,660790163
random_SSR,type_random,high,2,11002,0.04212319862880011,780300083
random_SSR,type_random,low,13,11013,5.557824619458048e-4,500012687
random_SSR,type_random,low,18,11018,0.003211175938422628,610000085
random_SSR,type_random,low,4,11004,0.0032115623371436796,720000413
random_SSR,type_random,low,12,11012,0.0034514416622792215,680000312
random_SSR,type_random,low,8,11008,0.0035295010399841497,380009928
random_SSR,type_random,low,20,11020,0.003562223327239644,290036474
random_SSR,type_random,low,3,11003,0.0036001061769761356,950100024
random_SSR,type_random,low,11,11011,0.005085265204119313,130042526
random_SSR,type_random,low,16,11016,0.005169270191932729,290036466
random_SSR,type_random,low,19,11019,0.005470742154229341,660781097
random_SSR,type_random,low,14,11014,0.005682275376178242,690000054
random_SSR,type_random,low,2,11002,0.005735981629763286,780300083
random_SSR,type_random,low,9,11009,0.005736733073273484,760780981
random_SSR,type_random,low,7,11007,0.005980174615304863,640780649
random_SSR,type_random,low,10,11010,0.007082184838806024,640780904
random_SSR,type_random,low,1,11001,0.007636923745742374,740780135
random_SSR,type_random,low,17,11017,0.007861800370371647,660790163
random_SSR,type_random,low,15,11015,0.008222135681357857,710002569
random_SSR,type_random,low,5,11005,0.008289253537182694,590810784
random_SSR,type_random,low,6,11006,0.0087864994275477,670000041
random_SSR,type_random,mid,3,11003,0.0013348618875221787,950100024
random_SSR,type_random,mid,17,11017,0.0031343546373878636,660790163
random_SSR,type_random,mid,13,11013,0.005537319724398973,500012687
random_SSR,type_random,mid,11,11011,0.007772066217095064,130042526
random_SSR,type_random,mid,5,11005,0.00825717860820217,590810784
random_SSR,type_random,mid,7,11007,0.008303860011077462,640780649
random_SSR,type_random,mid,10,11010,0.008375840369998331,640780904
random_SSR,type_random,mid,4,11004,0.009590111313124821,720000413
random_SSR,type_random,mid,2,11002,0.011189451809136637,780300083
random_SSR,type_random,mid,14,11014,0.011965251752898205,690000054
random_SSR,type_random,mid,18,11018,0.012966210971235846,610000085
random_SSR,type_random,mid,19,11019,0.01443747881619253,660781097
random_SSR,type_random,mid,9,11009,0.014498754628620275,760780981
random_SSR,type_random,mid,8,11008,0.014885892457082057,380009928
random_SSR,type_random,mid,12,11012,0.015173067142046597,680000312
random_SSR,type_random,mid,15,11015,0.01566944554800165,710002569
random_SSR,type_random,mid,20,11020,0.016949320752733324,290036474
random_SSR,type_random,mid,1,11001,0.017071836183330413,740780135
random_SSR,type_random,mid,6,11006,0.020920363252501226,670000041
random_SSR,type_random,mid,16,11016,0.026613471699032925,290036466
