"job_index","beta_within","rep_id","sim_seed","reported_inc","net_prev_final","steady_state_cv","steady_state_reached","extinct"
8,0.005,1,710007,0.00589847884303825,0.00197039074076546,0.4599,FALSE,FALSE
8,0.01,1,710014,0.0168379098442624,0.00289684817578662,0.2907,FALSE,FALSE
8,0.015,1,710021,0.0458097973056635,0.00606068696685311,0.1843,FALSE,FALSE
8,0.02,1,710028,0.219409796133312,0.0245097384826923,0.0772,TRUE,FALSE
8,0.025,1,710035,1.22971205252444,0.131965451414383,0.0324,TRUE,FALSE
8,0.03,1,710042,3.72784823584694,0.356181500220267,0.0171,TRUE,FALSE
8,0.035,1,710049,6.06846151440688,0.535767397775968,0.0195,TRUE,FALSE
8,0.04,1,710056,7.55988597278121,0.63727188989307,0.0144,TRUE,FALSE
8,0.045,1,710063,8.75371136545338,0.725069083821704,0.0121,TRUE,FALSE
8,0.05,1,710070,9.74440189358042,0.790310910571493,0.0119,TRUE,FALSE
8,0.055,1,710077,10.6203839535309,0.846928940447743,0.0127,TRUE,FALSE
8,0.06,1,710084,11.4263676969962,0.897892109092365,0.0098,TRUE,FALSE
8,0.065,1,710091,12.1342880217046,0.942460852501035,0.0105,TRUE,FALSE
8,0.07,1,710098,12.8067147599037,0.982221094928513,0.0121,TRUE,FALSE
8,0.075,1,710105,13.4165298835845,1.01546676634316,0.0112,TRUE,FALSE
8,0.08,1,710112,13.9847913050751,1.04392262611969,0.0087,TRUE,FALSE
8,0.085,1,710119,14.525619676544,1.07314741886823,0.0105,TRUE,FALSE
8,0.09,1,710126,14.9990237593351,1.1015044921171,0.0097,TRUE,FALSE
8,0.095,1,710133,15.5123435851763,1.12334699435315,0.0105,TRUE,FALSE
8,0.1,1,710140,15.9318634406189,1.14173730793363,0.0104,TRUE,FALSE
8,0.105,1,710147,16.3563312388884,1.16273878973154,0.0084,TRUE,FALSE
8,0.11,1,710154,16.7749828513723,1.18486964183209,0.0083,TRUE,FALSE
8,0.115,1,710161,17.178635262833,1.20072888437971,0.0089,TRUE,FALSE
8,0.12,1,710168,17.5341495418736,1.21582453376764,0.0071,TRUE,FALSE
8,0.005,2,710175,0.00602215010022804,0.00211723557916939,0.4779,FALSE,FALSE
8,0.01,2,710182,0.0160659492171719,0.00290485789424502,0.2659,FALSE,FALSE
8,0.015,2,710189,0.0500462518466036,0.00628762898984101,0.1391,TRUE,FALSE
8,0.02,2,710196,0.199568606486051,0.0219332790452416,0.0779,TRUE,FALSE
8,0.025,2,710203,1.17337481956256,0.126652338170313,0.0311,TRUE,FALSE
8,0.03,2,710210,3.72415046643029,0.355164265976051,0.0197,TRUE,FALSE
8,0.035,2,710217,6.05515145081507,0.530109866638188,0.015,TRUE,FALSE
8,0.04,2,710224,7.57643124863578,0.640147378819634,0.0123,TRUE,FALSE
8,0.045,2,710231,8.74674060631986,0.720666408575739,0.0124,TRUE,FALSE
8,0.05,2,710238,9.74973601413635,0.789218918954999,0.0122,TRUE,FALSE
8,0.055,2,710245,10.6363671447513,0.847697873419749,0.0139,TRUE,FALSE
8,0.06,2,710252,11.4052825713485,0.89860230412901,0.0095,TRUE,FALSE
8,0.065,2,710259,12.1321027798229,0.940284878986504,0.0121,TRUE,FALSE
8,0.07,2,710266,12.7905708707836,0.975279338931237,0.0101,TRUE,FALSE
8,0.075,2,710273,13.4107641983929,1.01368593893925,0.0093,TRUE,FALSE
8,0.08,2,710280,13.9774880437211,1.04781534929047,0.009,TRUE,FALSE
8,0.085,2,710287,14.499320921114,1.07110761056749,0.0083,TRUE,FALSE
8,0.09,2,710294,15.0232181790771,1.10201177428613,0.0112,TRUE,FALSE
8,0.095,2,710301,15.4890966078086,1.12157150676154,0.0084,TRUE,FALSE
8,0.1,2,710308,15.9417267955151,1.14386522313741,0.0086,TRUE,FALSE
8,0.105,2,710315,16.3737519743015,1.16509364695831,0.0086,TRUE,FALSE
8,0.11,2,710322,16.7757378950837,1.18453056375068,0.0079,TRUE,FALSE
8,0.115,2,710329,17.1440708846586,1.20138835119946,0.009,TRUE,FALSE
8,0.12,2,710336,17.5256590231262,1.21352841447623,0.0111,TRUE,FALSE
8,0.005,3,710343,0.00583358899321425,0.0021012161422526,0.5522,FALSE,FALSE
8,0.01,3,710350,0.0160910311627558,0.00283010052196665,0.2389,FALSE,FALSE
8,0.015,3,710357,0.0475716421370298,0.00621554152371544,0.141,TRUE,FALSE
8,0.02,3,710364,0.234731675653157,0.0269260035509752,0.0856,TRUE,FALSE
8,0.025,3,710371,1.1471705623256,0.124860831141785,0.0324,TRUE,FALSE
8,0.03,3,710378,3.76951262660296,0.358982231774553,0.0208,TRUE,FALSE
8,0.035,3,710385,6.0745959787578,0.529335593853876,0.019,TRUE,FALSE
8,0.04,3,710392,7.57820959476203,0.634999799757039,0.0188,TRUE,FALSE
8,0.045,3,710399,8.75752493728054,0.720829272851059,0.0115,TRUE,FALSE
8,0.05,3,710406,9.74160120614924,0.789168190738096,0.0117,TRUE,FALSE
8,0.055,3,710413,10.6377197873815,0.848197145870323,0.011,TRUE,FALSE
8,0.06,3,710420,11.4124964468728,0.898514197225967,0.0114,TRUE,FALSE
8,0.065,3,710427,12.157539692116,0.940754782469396,0.011,TRUE,FALSE
8,0.07,3,710434,12.8013069457617,0.982800464563671,0.0101,TRUE,FALSE
8,0.075,3,710441,13.4000605891077,1.01600341747988,0.0137,TRUE,FALSE
8,0.08,3,710448,13.9641507127599,1.04580224005126,0.0104,TRUE,FALSE
8,0.085,3,710455,14.4893169389676,1.07109159113057,0.0104,TRUE,FALSE
8,0.09,3,710462,15.0222878825677,1.10256177495361,0.0076,TRUE,FALSE
8,0.095,3,710469,15.4593545938948,1.12451641324807,0.0104,TRUE,FALSE
8,0.1,3,710476,15.9258232300673,1.14169992924749,0.0102,TRUE,FALSE
8,0.105,3,710483,16.3670796800849,1.16479194756304,0.0101,TRUE,FALSE
8,0.11,3,710490,16.7774303894559,1.18252813413609,0.0097,TRUE,FALSE
8,0.115,3,710497,17.1632920801918,1.20035509751832,0.0103,TRUE,FALSE
8,0.12,3,710504,17.5249619569712,1.21607817485215,0.0068,TRUE,FALSE
