"beta_within","n_reps","pct_extinct","pct_ss","inc_median","inc_q25","inc_q75","prev_median","mean_ss_cv"
0.005,10,100,0,NA,NA,NA,NA,NA
0.007,10,100,0,NA,NA,NA,NA,NA
0.009,10,100,0,NA,NA,NA,NA,NA
0.011,10,100,0,NA,NA,NA,NA,NA
0.013,10,100,0,NA,NA,NA,NA,NA
0.015,10,70,0,0,0,1e-04,0,2.9002
0.017,10,80,0,1e-04,1e-04,1e-04,0,Inf
0.019,10,30,0,2e-04,1e-04,8e-04,0,Inf
0.021,10,50,0,0.002,0.0016,0.003,2e-04,0.7062
0.023,10,50,0,0.0047,0.0038,0.0074,7e-04,0.5085
0.025,10,40,10,0.0081,0.0022,0.0146,0.001,0.5162
0.027,10,30,30,0.0259,0.0162,0.0536,0.0038,0.2072
0.029,10,10,70,0.0965,0.0491,0.1813,0.0133,0.1229
