"","date","total_patients","total_infected","overall_prevalence","n_hospitals_with_case"
"1",2024-01-07,25012,1,0.0000399808092115784,1
"2",2024-01-08,25012,1,0.0000399808092115784,1
"3",2024-01-09,25012,1,0.0000399808092115784,1
"4",2024-01-10,25012,1,0.0000399808092115784,1
"5",2024-01-11,25012,1,0.0000399808092115784,1
"6",2024-01-12,25012,1,0.0000399808092115784,1
"7",2024-01-13,25012,2,0.0000799616184231569,1
"8",2024-01-14,25012,2,0.0000799616184231569,1
"9",2024-01-15,25012,2,0.0000799616184231569,1
"10",2024-01-16,25012,2,0.0000799616184231569,1
"11",2024-01-17,25012,3,0.000119942427634735,1
"12",2024-01-18,25012,4,0.000159923236846314,2
"13",2024-01-19,25012,4,0.000159923236846314,2
"14",2024-01-20,25012,5,0.000199904046057892,3
"15",2024-01-21,25012,6,0.000239884855269471,3
"16",2024-01-22,25012,7,0.000279865664481049,3
"17",2024-01-23,25012,8,0.000319846473692628,3
"18",2024-01-24,25012,9,0.000359827282904206,4
"19",2024-01-25,25012,11,0.000439788901327363,4
"20",2024-01-26,25012,12,0.000479769710538941,4
"21",2024-01-27,25012,16,0.000639692947385255,4
"22",2024-01-28,25012,17,0.000679673756596833,4
"23",2024-01-29,25012,18,0.000719654565808412,5
"24",2024-01-30,25012,22,0.000879577802654726,4
"25",2024-01-31,25012,22,0.000879577802654726,5
"26",2024-02-01,25012,23,0.000919558611866304,5
"27",2024-02-02,25012,26,0.00103950103950104,6
"28",2024-02-03,25012,28,0.0011194626579242,6
"29",2024-02-04,25012,34,0.00135934751319367,7
"30",2024-02-05,25012,36,0.00143930913161682,10
"31",2024-02-06,25012,40,0.00159923236846314,11
"32",2024-02-07,25012,44,0.00175915560530945,11
"33",2024-02-08,25012,49,0.00195905965136734,13
"34",2024-02-09,25012,54,0.00215896369742524,14
"35",2024-02-10,25012,56,0.00223892531584839,14
"36",2024-02-11,25012,61,0.00243882936190628,15
"37",2024-02-12,25012,64,0.00255877178954102,16
"38",2024-02-13,25012,66,0.00263873340796418,15
"39",2024-02-14,25012,70,0.00279865664481049,17
"40",2024-02-15,25012,73,0.00291859907244523,18
"41",2024-02-16,25012,76,0.00303854150007996,19
"42",2024-02-17,25012,78,0.00311850311850312,21
"43",2024-02-18,25012,83,0.00331840716456101,21
"44",2024-02-19,25012,90,0.00359827282904206,22
"45",2024-02-20,25012,101,0.00403806173036942,21
"46",2024-02-21,25012,114,0.00455781225011994,23
"47",2024-02-22,25012,121,0.00483767791460099,26
"48",2024-02-23,25012,126,0.00503758196065888,27
"49",2024-02-24,25012,131,0.00523748600671678,27
"50",2024-02-25,25012,142,0.00567727490804414,27
"51",2024-02-26,25012,157,0.00627698704621782,28
"52",2024-02-27,25012,168,0.00671677594754518,31
"53",2024-02-28,25012,179,0.00715656484887254,32
"54",2024-02-29,25012,192,0.00767631536862306,32
"55",2024-03-01,25012,209,0.00835598912521989,32
"56",2024-03-02,25012,223,0.00891572045418199,34
"57",2024-03-03,25012,244,0.00975531744762514,33
"58",2024-03-04,25012,256,0.0102350871581641,38
"59",2024-03-05,25012,273,0.0109147609147609,37
"60",2024-03-06,25012,286,0.0114345114345114,39
"61",2024-03-07,25012,296,0.0118343195266272,40
"62",2024-03-08,25012,310,0.0123940508555893,41
"63",2024-03-09,25012,332,0.013273628658244,45
"64",2024-03-10,25012,352,0.0140732448424756,46
"65",2024-03-11,25012,378,0.0151127458819767,50
"66",2024-03-12,25012,404,0.0161522469214777,53
"67",2024-03-13,25012,425,0.0169918439149208,54
"68",2024-03-14,25012,440,0.0175915560530945,56
"69",2024-03-15,25012,454,0.0181512873820566,58
"70",2024-03-16,25012,464,0.0185510954741724,58
"71",2024-03-17,25012,485,0.0193906924676155,60
"72",2024-03-18,25012,507,0.0202702702702703,64
"73",2024-03-19,25012,535,0.0213897329281945,63
"74",2024-03-20,25012,553,0.0221093874940029,67
"75",2024-03-21,25012,567,0.022669118822965,68
"76",2024-03-22,25012,598,0.0239085239085239,72
"77",2024-03-23,25012,629,0.0251479289940828,82
"78",2024-03-24,25012,642,0.0256676795138334,83
"79",2024-03-25,25012,661,0.0264273148888533,89
"80",2024-03-26,25012,695,0.027786662402047,92
"81",2024-03-27,25012,721,0.0288261634415481,92
"82",2024-03-28,25012,760,0.0303854150007996,95
"83",2024-03-29,25012,795,0.0317847433232049,97
"84",2024-03-30,25012,824,0.0329441867903406,99
"85",2024-03-31,25012,867,0.0346633615864385,104
"86",2024-04-01,25012,908,0.0363025747641132,108
"87",2024-04-02,25012,943,0.0377019030865185,110
"88",2024-04-03,25012,964,0.0385415000799616,118
"89",2024-04-04,25012,1000,0.0399808092115784,126
"90",2024-04-05,25012,1045,0.0417799456260995,127
"91",2024-04-06,25012,1084,0.043339197185351,128
"92",2024-04-07,25012,1113,0.0444986406524868,131
"93",2024-04-08,25012,1152,0.0460578922117384,136
"94",2024-04-09,25012,1183,0.0472972972972973,136
"95",2024-04-10,25012,1208,0.0482968175275868,147
"96",2024-04-11,25012,1228,0.0490964337118183,152
"97",2024-04-12,25012,1266,0.0506157044618583,156
"98",2024-04-13,25012,1305,0.0521749560211099,159
"99",2024-04-14,25012,1339,0.0535343035343035,163
"100",2024-04-15,25012,1385,0.0553734207580361,168
"101",2024-04-16,25012,1420,0.0567727490804414,174
"102",2024-04-17,25012,1461,0.0584119622581161,181
"103",2024-04-18,25012,1517,0.0606508875739645,188
"104",2024-04-19,25012,1559,0.0623300815608508,195
"105",2024-04-20,25012,1596,0.0638093715016792,200
"106",2024-04-21,25012,1643,0.0656884695346234,206
"107",2024-04-22,25012,1700,0.0679673756596833,216
"108",2024-04-23,25012,1741,0.0696065888373581,228
"109",2024-04-24,25012,1780,0.0711658403966096,241
"110",2024-04-25,25012,1818,0.0726851111466496,252
"111",2024-04-26,25012,1860,0.0743643051335359,256
"112",2024-04-27,25012,1917,0.0766432112585959,266
"113",2024-04-28,25012,1972,0.0788421557652327,278
"114",2024-04-29,25012,2039,0.0815208699824084,285
"115",2024-04-30,25012,2103,0.0840796417719495,293
"116",2024-05-01,25012,2172,0.0868383176075484,297
"117",2024-05-02,25012,2247,0.0898368782984168,319
"118",2024-05-03,25012,2322,0.0928354389892851,329
"119",2024-05-04,25012,2418,0.0966735966735967,339
"120",2024-05-05,25012,2490,0.0995522149368303,349
"121",2024-05-06,25012,2579,0.103110506956661,367
"122",2024-05-07,25012,2695,0.107748280825204,369
"123",2024-05-08,25012,2804,0.112106189029266,381
"124",2024-05-09,25012,2898,0.115864385095154,399
"125",2024-05-10,25012,2980,0.119142811450504,406
"126",2024-05-11,25012,3076,0.122980969134815,415
"127",2024-05-12,25012,3181,0.127178954102031,423
"128",2024-05-13,25012,3297,0.131816727970574,438
"129",2024-05-14,25012,3394,0.135694866464097,456
"130",2024-05-15,25012,3507,0.140212697905006,470
"131",2024-05-16,25012,3626,0.144970414201183,489
"132",2024-05-17,25012,3714,0.148488725411802,499
"133",2024-05-18,25012,3833,0.15324644170798,512
"134",2024-05-19,25012,3934,0.15728450343835,520
"135",2024-05-20,25012,4091,0.163561490484567,529
"136",2024-05-21,25012,4232,0.1691987845834,539
"137",2024-05-22,25012,4341,0.173556692787462,561
"138",2024-05-23,25012,4470,0.178714217175756,574
"139",2024-05-24,25012,4576,0.182952182952183,596
"140",2024-05-25,25012,4725,0.188909323524708,612
"141",2024-05-26,25012,4836,0.193347193347193,621
"142",2024-05-27,25012,4942,0.197585159123621,633
"143",2024-05-28,25012,5031,0.201143451143451,656
"144",2024-05-29,25012,5142,0.205581320965936,670
"145",2024-05-30,25012,5261,0.210339037262114,674
"146",2024-05-31,25012,5384,0.215256676795138,681
"147",2024-06-01,25012,5552,0.221973452742684,703
"148",2024-06-02,25012,5710,0.228290420598113,708
"149",2024-06-03,25012,5842,0.233567887414041,725
"150",2024-06-04,25012,5921,0.236726371341756,755
"151",2024-06-05,25012,6046,0.241723972493203,779
"152",2024-06-06,25012,6179,0.247041420118343,784
"153",2024-06-07,25012,6309,0.252238925315848,790
"154",2024-06-08,25012,6465,0.258475931552855,801
"155",2024-06-09,25012,6561,0.262314089237166,808
"156",2024-06-10,25012,6668,0.266592035822805,829
"157",2024-06-11,25012,6850,0.273868543099312,841
"158",2024-06-12,25012,7006,0.280105549336319,860
"159",2024-06-13,25012,7113,0.284383495921957,871
"160",2024-06-14,25012,7242,0.289541020310251,889
"161",2024-06-15,25012,7350,0.293858947705102,900
"162",2024-06-16,25012,7480,0.299056452902607,900
"163",2024-06-17,25012,7595,0.303654245961938,916
"164",2024-06-18,25012,7753,0.309971213817368,937
"165",2024-06-19,25012,7901,0.315888373580681,945
"166",2024-06-20,25012,8050,0.321845514153206,964
"167",2024-06-21,25012,8157,0.326123460738845,971
"168",2024-06-22,25012,8241,0.329481848712618,980
"169",2024-06-23,25012,8371,0.334679353910123,977
"170",2024-06-24,25012,8449,0.337797857028626,995
"171",2024-06-25,25012,8549,0.341795937949784,997
"172",2024-06-26,25012,8611,0.344274748120902,1005
"173",2024-06-27,25012,8688,0.347353270430193,1023
"174",2024-06-28,25012,8777,0.350911562450024,1026
"175",2024-06-29,25012,8853,0.353950103950104,1036
"176",2024-06-30,25012,8916,0.356468894930433,1034
"177",2024-07-01,25012,9008,0.360147129377899,1049
"178",2024-07-02,25012,9083,0.363145690068767,1056
"179",2024-07-03,25012,9160,0.366224212378059,1072
"180",2024-07-04,25012,9300,0.37182152566768,1071
"181",2024-07-05,25012,9433,0.377138973292819,1076
"182",2024-07-06,25012,9475,0.378818167279706,1081
"183",2024-07-07,25012,9588,0.383335998720614,1086
"184",2024-07-08,25012,9684,0.387174156404926,1092
"185",2024-07-09,25012,9794,0.391572045418199,1097
"186",2024-07-10,25012,9834,0.393171277786662,1096
"187",2024-07-11,25012,9940,0.39740924356309,1105
"188",2024-07-12,25012,9973,0.398728610267072,1115
"189",2024-07-13,25012,9946,0.397649128418359,1113
"190",2024-07-14,25012,9982,0.399088437549976,1118
"191",2024-07-15,25012,10040,0.401407324484248,1133
"192",2024-07-16,25012,10100,0.403806173036942,1127
"193",2024-07-17,25012,10157,0.406085079162002,1129
"194",2024-07-18,25012,10208,0.408124100431793,1136
"195",2024-07-19,25012,10279,0.410962737885815,1141
"196",2024-07-20,25012,10327,0.412881816727971,1132
"197",2024-07-21,25012,10343,0.413521509675356,1142
"198",2024-07-22,25012,10320,0.41260195106349,1134
"199",2024-07-23,25012,10341,0.413441548056933,1154
"200",2024-07-24,25012,10392,0.415480569326723,1151
"201",2024-07-25,25012,10433,0.417119782504398,1158
"202",2024-07-26,25012,10455,0.417999360307053,1156
"203",2024-07-27,25012,10481,0.419038861346554,1159
"204",2024-07-28,25012,10490,0.419398688629458,1159
"205",2024-07-29,25012,10525,0.420798016951863,1158
"206",2024-07-30,25012,10581,0.423036942267711,1158
"207",2024-07-31,25012,10623,0.424716136254598,1156
"208",2024-08-01,25012,10642,0.425475771629618,1156
"209",2024-08-02,25012,10699,0.427754677754678,1162
"210",2024-08-03,25012,10734,0.429154006077083,1164
"211",2024-08-04,25012,10780,0.430993123300816,1159
"212",2024-08-05,25012,10810,0.432192547577163,1165
"213",2024-08-06,25012,10856,0.434031664800896,1169
"214",2024-08-07,25012,10851,0.433831760754838,1169
"215",2024-08-08,25012,10899,0.435750839596993,1171
"216",2024-08-09,25012,10905,0.435990724452263,1167
"217",2024-08-10,25012,10880,0.434991204221973,1161
"218",2024-08-11,25012,10840,0.43339197185351,1157
"219",2024-08-12,25012,10861,0.434231568846953,1159
"220",2024-08-13,25012,10878,0.43491124260355,1159
"221",2024-08-14,25012,10918,0.436510474972013,1166
"222",2024-08-15,25012,10956,0.438029745722053,1163
"223",2024-08-16,25012,10921,0.436630417399648,1161
"224",2024-08-17,25012,10894,0.435550935550936,1162
"225",2024-08-18,25012,10914,0.436350551735167,1161
"226",2024-08-19,25012,10915,0.436390532544379,1167
"227",2024-08-20,25012,10912,0.436270590116744,1166
"228",2024-08-21,25012,10913,0.436310570925956,1160
"229",2024-08-22,25012,10879,0.434951223412762,1167
"230",2024-08-23,25012,10820,0.432592355669279,1166
"231",2024-08-24,25012,10820,0.432592355669279,1169
"232",2024-08-25,25012,10828,0.432912202142971,1168
"233",2024-08-26,25012,10841,0.433431952662722,1172
"234",2024-08-27,25012,10859,0.43415160722853,1177
"235",2024-08-28,25012,10887,0.435271069886454,1181
"236",2024-08-29,25012,10941,0.43743003358388,1183
"237",2024-08-30,25012,10931,0.437030225491764,1189
"238",2024-08-31,25012,10963,0.438309611386534,1182
"239",2024-09-01,25012,11028,0.440908363985287,1186
"240",2024-09-02,25012,11031,0.441028306412922,1193
"241",2024-09-03,25012,11011,0.44022869022869,1194
"242",2024-09-04,25012,11009,0.440148728610267,1197
"243",2024-09-05,25012,10971,0.438629457860227,1198
"244",2024-09-06,25012,10921,0.436630417399648,1190
"245",2024-09-07,25012,10869,0.434551415320646,1180
"246",2024-09-08,25012,10772,0.430673276827123,1189
"247",2024-09-09,25012,10803,0.431912681912682,1183
"248",2024-09-10,25012,10859,0.43415160722853,1185
"249",2024-09-11,25012,10904,0.435950743643051,1191
"250",2024-09-12,25012,10898,0.435710858787782,1191
"251",2024-09-13,25012,10922,0.43667039820886,1194
"252",2024-09-14,25012,10894,0.435550935550936,1195
"253",2024-09-15,25012,10899,0.435750839596993,1198
"254",2024-09-16,25012,10917,0.436470494162802,1191
"255",2024-09-17,25012,10911,0.436230609307532,1182
"256",2024-09-18,25012,10850,0.433791779945626,1188
"257",2024-09-19,25012,10863,0.434311530465377,1181
"258",2024-09-20,25012,10850,0.433791779945626,1189
"259",2024-09-21,25012,10734,0.429154006077083,1189
"260",2024-09-22,25012,10730,0.428994082840237,1186
"261",2024-09-23,25012,10693,0.427514792899408,1187
"262",2024-09-24,25012,10662,0.426275387813849,1188
"263",2024-09-25,25012,10654,0.425955541340157,1185
"264",2024-09-26,25012,10646,0.425635694866464,1193
"265",2024-09-27,25012,10617,0.424476251399328,1193
"266",2024-09-28,25012,10651,0.425835598912522,1201
"267",2024-09-29,25012,10627,0.424876059491444,1200
"268",2024-09-30,25012,10633,0.425115944346714,1193
"269",2024-10-01,25012,10622,0.424676155445386,1191
"270",2024-10-02,25012,10591,0.423436750359827,1198
"271",2024-10-03,25012,10603,0.423916520070366,1193
"272",2024-10-04,25012,10579,0.422956980649288,1197
"273",2024-10-05,25012,10529,0.420957940188709,1208
"274",2024-10-06,25012,10507,0.420078362386055,1207
"275",2024-10-07,25012,10502,0.419878458339997,1207
"276",2024-10-08,25012,10529,0.420957940188709,1204
"277",2024-10-09,25012,10471,0.418639053254438,1209
"278",2024-10-10,25012,10423,0.416719974412282,1214
"279",2024-10-11,25012,10374,0.414760914760915,1211
"280",2024-10-12,25012,10342,0.413481528866144,1204
"281",2024-10-13,25012,10316,0.412442027826643,1206
"282",2024-10-14,25012,10282,0.41108268031345,1203
"283",2024-10-15,25012,10257,0.41008316008316,1209
"284",2024-10-16,25012,10242,0.409483447944986,1211
"285",2024-10-17,25012,10271,0.410642891412122,1208
"286",2024-10-18,25012,10321,0.412641931872701,1207
"287",2024-10-19,25012,10355,0.414001279385895,1211
"288",2024-10-20,25012,10390,0.4154006077083,1210
"289",2024-10-21,25012,10419,0.416560051175436,1203
"290",2024-10-22,25012,10454,0.417959379497841,1205
"291",2024-10-23,25012,10484,0.419158803774188,1197
"292",2024-10-24,25012,10541,0.421437709899248,1195
"293",2024-10-25,25012,10615,0.424396289780905,1199
"294",2024-10-26,25012,10601,0.423836558451943,1192
"295",2024-10-27,25012,10590,0.423396769550616,1197
"296",2024-10-28,25012,10663,0.426315368623061,1192
"297",2024-10-29,25012,10669,0.42655525347833,1190
"298",2024-10-30,25012,10711,0.428234447465217,1191
"299",2024-10-31,25012,10723,0.428714217175756,1201
"300",2024-11-01,25012,10787,0.431272988965297,1195
"301",2024-11-02,25012,10797,0.431672797057412,1192
"302",2024-11-03,25012,10806,0.432032624340317,1185
"303",2024-11-04,25012,10790,0.431392931392931,1189
"304",2024-11-05,25012,10820,0.432592355669279,1194
"305",2024-11-06,25012,10852,0.433871741564049,1190
"306",2024-11-07,25012,10909,0.436150647689109,1193
"307",2024-11-08,25012,10911,0.436230609307532,1206
"308",2024-11-09,25012,10904,0.435950743643051,1202
"309",2024-11-10,25012,10871,0.434631376939069,1200
"310",2024-11-11,25012,10932,0.437070206300976,1197
"311",2024-11-12,25012,10923,0.436710379018071,1193
"312",2024-11-13,25012,10905,0.435990724452263,1193
"313",2024-11-14,25012,10904,0.435950743643051,1193
"314",2024-11-15,25012,10873,0.434711338557492,1201
"315",2024-11-16,25012,10887,0.435271069886454,1196
"316",2024-11-17,25012,10884,0.43515112745882,1192
"317",2024-11-18,25012,10823,0.432712298096913,1189
"318",2024-11-19,25012,10793,0.431512873820566,1196
"319",2024-11-20,25012,10773,0.430713257636335,1210
"320",2024-11-21,25012,10708,0.428114505037582,1204
"321",2024-11-22,25012,10654,0.425955541340157,1216
"322",2024-11-23,25012,10613,0.424316328162482,1218
"323",2024-11-24,25012,10561,0.42223732608348,1211
"324",2024-11-25,25012,10538,0.421317767471614,1213
"325",2024-11-26,25012,10553,0.421917479609787,1217
"326",2024-11-27,25012,10517,0.42047817047817,1222
"327",2024-11-28,25012,10522,0.420678074524228,1222
"328",2024-11-29,25012,10543,0.421517671517671,1218
"329",2024-11-30,25012,10517,0.42047817047817,1219
"330",2024-12-01,25012,10535,0.421197825043979,1214
"331",2024-12-02,25012,10535,0.421197825043979,1210
"332",2024-12-03,25012,10530,0.420997920997921,1216
"333",2024-12-04,25012,10545,0.421597633136095,1213
"334",2024-12-05,25012,10594,0.423556692787462,1221
"335",2024-12-06,25012,10609,0.424156404925636,1219
"336",2024-12-07,25012,10620,0.424596193826963,1229
"337",2024-12-08,25012,10646,0.425635694866464,1215
"338",2024-12-09,25012,10657,0.426075483767791,1221
"339",2024-12-10,25012,10650,0.42579561810331,1220
"340",2024-12-11,25012,10597,0.423676635215097,1221
"341",2024-12-12,25012,10605,0.423996481688789,1227
"342",2024-12-13,25012,10590,0.423396769550616,1224
"343",2024-12-14,25012,10638,0.425315848392771,1221
"344",2024-12-15,25012,10641,0.425435790820406,1225
"345",2024-12-16,25012,10635,0.425195905965137,1227
"346",2024-12-17,25012,10631,0.42503598272829,1220
"347",2024-12-18,25012,10642,0.425475771629618,1224
"348",2024-12-19,25012,10663,0.426315368623061,1228
"349",2024-12-20,25012,10662,0.426275387813849,1232
"350",2024-12-21,25012,10647,0.425675675675676,1231
"351",2024-12-22,25012,10632,0.425075963537502,1229
"352",2024-12-23,25012,10616,0.424436270590117,1223
"353",2024-12-24,25012,10705,0.427994562609947,1221
"354",2024-12-25,25012,10755,0.429993603070526,1219
"355",2024-12-26,25012,10805,0.431992643531105,1212
"356",2024-12-27,25012,10868,0.434511434511435,1211
"357",2024-12-28,25012,10897,0.43567087797857,1208
"358",2024-12-29,25012,10937,0.437270110347033,1207
"359",2024-12-30,25012,10981,0.439029265952343,1212
"360",2024-12-31,25012,11024,0.440748440748441,1204
"361",2025-01-01,25012,11422,0.456660802814649,1204
"362",2025-01-02,25012,11845,0.473572685111147,1204
"363",2025-01-03,25012,12265,0.49036462498001,1204
"364",2025-01-04,25012,12692,0.507436430513354,1204
"365",2025-01-05,25012,13098,0.523668639053254,1204
