"sim_id","seed_rule","seed_type","tier","rep_id","seed_hospital","ever_extinct","peak_n_hosp_inf","net_cumulative_inc","fac_cumulative_inc_mean","net_ss_inc","fac_ss_inc_mean","net_ss_prev_pct","fac_ss_prev_mean_pct","net_final_prev_pct","fac_final_prev_mean_pct","hospital_type","region","in_degree","out_degree","betweenness","no_beds","pi_vec_val","mean_beta","beta_sd"
1,"highest_betweenness + highest_in_degree + highest_out_degree + largest_beds + largest_outgoing","fixed","Low",1,"750100125",FALSE,2372,5.2706,4.5995,10.3604,9.3402,82.2442,124.9954,82.3436,124.9744,"MCO/SSR","Île-de-France",420,433,249789.64473682,1713,0,0.0549,0.0127551020408163
2,"highest_betweenness + highest_in_degree + highest_out_degree + largest_beds + largest_outgoing","fixed","Low",2,"750100125",FALSE,2371,5.444,4.7476,10.5839,9.5223,84.245,126.766,84.3746,126.9355,"MCO/SSR","Île-de-France",420,433,249789.64473682,1713,0,0.0549,0.0127551020408163
3,"highest_betweenness + highest_in_degree + highest_out_degree + largest_beds + largest_outgoing","fixed","Low",3,"750100125",FALSE,2367,5.3005,4.5839,10.4411,9.3687,82.944,125.237,82.7738,125.1942,"MCO/SSR","Île-de-France",420,433,249789.64473682,1713,0,0.0549,0.0127551020408163
4,"highest_betweenness + highest_in_degree + highest_out_degree + largest_beds + largest_outgoing","fixed","Moderate",1,"750100125",FALSE,2418,12.5739,12.0243,16.0756,15.6517,114.9117,172.8829,115.0556,173.2262,"MCO/SSR","Île-de-France",420,433,249789.64473682,1713,0,0.102,0.00892857142857143
5,"highest_betweenness + highest_in_degree + highest_out_degree + largest_beds + largest_outgoing","fixed","Moderate",2,"750100125",FALSE,2415,12.4634,11.9384,16.0439,15.7099,115.0315,172.8016,114.826,172.6784,"MCO/SSR","Île-de-France",420,433,249789.64473682,1713,0,0.102,0.00892857142857143
6,"highest_betweenness + highest_in_degree + highest_out_degree + largest_beds + largest_outgoing","fixed","Moderate",3,"750100125",FALSE,2415,10.8698,10.3865,16.0819,15.7212,114.5732,172.2293,114.5977,172.555,"MCO/SSR","Île-de-France",420,433,249789.64473682,1713,0,0.102,0.00892857142857143
7,"random_MCO","type_random","Low",1,"830100475",TRUE,2,0,0,0,0,0,0,0,0,"MCO","Provence-Alpes-Côte d'Azur",16,20,335.150891426806,48,0,0.0549,0.0127551020408163
8,"random_MCO","type_random","Low",2,"820000065",FALSE,2368,4.3859,3.8575,10.5671,9.5374,84.0273,126.3422,84.1031,126.6149,"MCO","Occitanie",8,10,321.712456566688,13,0,0.0549,0.0127551020408163
9,"random_MCO","type_random","Low",3,"480000074",TRUE,5,0,1e-04,0,0,0,0,0,0,"MCO","Occitanie",13,9,998.931490601943,24,0,0.0549,0.0127551020408163
10,"random_MCO","type_random","Moderate",1,"880006663",FALSE,2412,10.8612,10.4009,16.0926,15.7235,114.7794,171.9991,114.7857,172.1575,"MCO","Grand-Est",1,2,84.6116738800059,148,0,0.102,0.00892857142857143
11,"random_MCO","type_random","Moderate",2,"920301033",FALSE,2414,11.6546,11.1541,16.1076,15.7032,115.015,172.785,115.0449,172.7311,"MCO","Île-de-France",27,21,416.059783116185,9,0,0.102,0.00892857142857143
12,"random_MCO","type_random","Moderate",3,"910000330",FALSE,2416,12.1312,11.6175,16.0541,15.624,114.7942,172.5688,114.5766,171.9307,"MCO","Île-de-France",3,12,197.741386150056,16,0,0.102,0.00892857142857143
13,"random_MCO_SSR","type_random","Low",1,"780000303",FALSE,2367,5.3038,4.6155,10.3775,9.4108,82.2126,124.9129,82.3482,124.8967,"MCO/SSR","Île-de-France",44,29,1429.98077627523,199,0,0.0549,0.0127551020408163
14,"random_MCO_SSR","type_random","Low",2,"690000773",FALSE,2373,4.9726,4.3461,10.6069,9.513,83.9837,126.3517,84.0703,126.5299,"MCO/SSR","Auvergne-Rhône-Alpes",24,13,821.305892303235,128,0,0.0549,0.0127551020408163
15,"random_MCO_SSR","type_random","Low",3,"760000026",FALSE,2363,3.7213,3.1733,10.4155,9.3363,82.0548,123.5048,82.2798,123.8549,"MCO/SSR","Normandie",10,7,947.270207649144,20,0,0.0549,0.0127551020408163
16,"random_MCO_SSR","type_random","Moderate",1,"280000662",FALSE,2413,11.8224,11.2937,16.1219,15.7413,114.8106,172.7826,114.7761,172.6435,"MCO/SSR","Centre-Val de Loire",24,43,2429.44030387675,176,0,0.102,0.00892857142857143
17,"random_MCO_SSR","type_random","Moderate",2,"670017458",FALSE,2418,11.2143,10.7532,16.0596,15.6473,114.6051,172.4467,114.5531,172.3881,"MCO/SSR","Grand-Est",14,18,3318.73294664971,60,0,0.102,0.00892857142857143
18,"random_MCO_SSR","type_random","Moderate",3,"690000427",FALSE,2410,11.7272,11.2462,16.0895,15.6697,114.8662,172.4692,115.0681,172.7671,"MCO/SSR","Auvergne-Rhône-Alpes",68,73,40535.6061166682,328,0,0.102,0.00892857142857143
19,"random_SSR","type_random","Low",1,"400780383",FALSE,2369,5.0906,4.5135,10.3687,9.3591,82.1885,124.9216,82.18,124.8112,"SSR","Nouvelle-Aquitaine",16,6,325.912627977863,42,0,0.0549,0.0127551020408163
20,"random_SSR","type_random","Low",2,"300017423",FALSE,2368,5.0438,4.4454,10.556,9.5245,83.8735,126.1187,83.9758,126.2599,"SSR","Occitanie",28,15,1466.3784622534,75,0,0.0549,0.0127551020408163
21,"random_SSR","type_random","Low",3,"730783552",FALSE,2369,4.9236,4.2852,10.4226,9.3713,82.9388,125.0477,83.0082,125.1477,"SSR","Auvergne-Rhône-Alpes",19,8,461.483565123445,98,0,0.0549,0.0127551020408163
22,"random_SSR","type_random","Moderate",1,"420780678",FALSE,2420,12.1465,11.6423,16.0603,15.6569,114.9256,172.7562,115.0278,173.0354,"SSR","Auvergne-Rhône-Alpes",36,13,5840.44805122408,90,0,0.102,0.00892857142857143
23,"random_SSR","type_random","Moderate",2,"040780405",FALSE,2417,11.8013,11.3228,16.0624,15.6751,114.7375,172.3676,114.8682,172.27,"SSR","Provence-Alpes-Côte d'Azur",38,19,12164.1863501556,97,0,0.102,0.00892857142857143
24,"random_SSR","type_random","Moderate",3,"620000059",FALSE,2417,11.4967,10.9932,16.0889,15.6638,114.5915,172.2096,114.7592,172.538,"SSR","Hauts-de-France",20,10,394.430044302137,42,0,0.102,0.00892857142857143
