"sim_id","seed_rule","seed_type","tier","rep_id","seed_hospital","hospital_type","region","peak_infected","day_of_peak","peak_hospitals","final_infected","final_prevalence","ever_extinct","day_extinct","mean_beta","beta_sd","ci_lo_95","ci_hi_95","source"
1,"highest_betweenness + highest_in_degree + highest_out_degree + largest_beds + largest_outgoing","fixed","High",1,"750100125","MCO/SSR","Île-de-France",4,17,4,0,0,TRUE,26,0.05,0.0114795918367347,0.035,0.08,"extrapolated"
2,"highest_betweenness + highest_in_degree + highest_out_degree + largest_beds + largest_outgoing","fixed","High",2,"750100125","MCO/SSR","Île-de-France",0,1,0,0,0,TRUE,1,0.05,0.0114795918367347,0.035,0.08,"extrapolated"
3,"highest_betweenness + highest_in_degree + highest_out_degree + largest_beds + largest_outgoing","fixed","High",3,"750100125","MCO/SSR","Île-de-France",288039,729,2367,287952,0.7688048165107,FALSE,NA,0.05,0.0114795918367347,0.035,0.08,"extrapolated"
4,"highest_betweenness + highest_in_degree + highest_out_degree + largest_beds + largest_outgoing","fixed","High",4,"750100125","MCO/SSR","Île-de-France",1,1,1,0,0,TRUE,12,0.05,0.0114795918367347,0.035,0.08,"extrapolated"
5,"highest_betweenness + highest_in_degree + highest_out_degree + largest_beds + largest_outgoing","fixed","High",5,"750100125","MCO/SSR","Île-de-France",0,1,0,0,0,TRUE,1,0.05,0.0114795918367347,0.035,0.08,"extrapolated"
6,"highest_betweenness + highest_in_degree + highest_out_degree + largest_beds + largest_outgoing","fixed","High",6,"750100125","MCO/SSR","Île-de-France",3,32,2,0,0,TRUE,67,0.05,0.0114795918367347,0.035,0.08,"extrapolated"
7,"highest_betweenness + highest_in_degree + highest_out_degree + largest_beds + largest_outgoing","fixed","High",7,"750100125","MCO/SSR","Île-de-France",1,1,1,0,0,TRUE,10,0.05,0.0114795918367347,0.035,0.08,"extrapolated"
8,"highest_betweenness + highest_in_degree + highest_out_degree + largest_beds + largest_outgoing","fixed","High",8,"750100125","MCO/SSR","Île-de-France",1,1,1,0,0,TRUE,23,0.05,0.0114795918367347,0.035,0.08,"extrapolated"
9,"highest_betweenness + highest_in_degree + highest_out_degree + largest_beds + largest_outgoing","fixed","High",9,"750100125","MCO/SSR","Île-de-France",155567,730,2200,155567,0.41534929047244,FALSE,NA,0.05,0.0114795918367347,0.035,0.08,"extrapolated"
10,"highest_betweenness + highest_in_degree + highest_out_degree + largest_beds + largest_outgoing","fixed","High",10,"750100125","MCO/SSR","Île-de-France",1,1,1,0,0,TRUE,3,0.05,0.0114795918367347,0.035,0.08,"extrapolated"
11,"highest_betweenness + highest_in_degree + highest_out_degree + largest_beds + largest_outgoing","fixed","Low",1,"750100125","MCO/SSR","Île-de-France",2,5,1,0,0,TRUE,43,0.028,0.00090561224489796,0.02545,0.029,"calibrated"
12,"highest_betweenness + highest_in_degree + highest_out_degree + largest_beds + largest_outgoing","fixed","Low",2,"750100125","MCO/SSR","Île-de-France",5336,730,431,5336,0.014246619231334,FALSE,NA,0.028,0.00090561224489796,0.02545,0.029,"calibrated"
13,"highest_betweenness + highest_in_degree + highest_out_degree + largest_beds + largest_outgoing","fixed","Low",3,"750100125","MCO/SSR","Île-de-France",2,22,1,0,0,TRUE,27,0.028,0.00090561224489796,0.02545,0.029,"calibrated"
14,"highest_betweenness + highest_in_degree + highest_out_degree + largest_beds + largest_outgoing","fixed","Low",4,"750100125","MCO/SSR","Île-de-France",1,1,1,0,0,TRUE,4,0.028,0.00090561224489796,0.02545,0.029,"calibrated"
15,"highest_betweenness + highest_in_degree + highest_out_degree + largest_beds + largest_outgoing","fixed","Low",5,"750100125","MCO/SSR","Île-de-France",1,1,1,0,0,TRUE,34,0.028,0.00090561224489796,0.02545,0.029,"calibrated"
16,"highest_betweenness + highest_in_degree + highest_out_degree + largest_beds + largest_outgoing","fixed","Low",6,"750100125","MCO/SSR","Île-de-France",1,1,1,0,0,TRUE,32,0.028,0.00090561224489796,0.02545,0.029,"calibrated"
17,"highest_betweenness + highest_in_degree + highest_out_degree + largest_beds + largest_outgoing","fixed","Low",7,"750100125","MCO/SSR","Île-de-France",5,71,4,0,0,TRUE,349,0.028,0.00090561224489796,0.02545,0.029,"calibrated"
18,"highest_betweenness + highest_in_degree + highest_out_degree + largest_beds + largest_outgoing","fixed","Low",8,"750100125","MCO/SSR","Île-de-France",0,1,0,0,0,TRUE,1,0.028,0.00090561224489796,0.02545,0.029,"calibrated"
19,"highest_betweenness + highest_in_degree + highest_out_degree + largest_beds + largest_outgoing","fixed","Low",9,"750100125","MCO/SSR","Île-de-France",1,1,1,0,0,TRUE,4,0.028,0.00090561224489796,0.02545,0.029,"calibrated"
20,"highest_betweenness + highest_in_degree + highest_out_degree + largest_beds + largest_outgoing","fixed","Low",10,"750100125","MCO/SSR","Île-de-France",2,1,2,0,0,TRUE,19,0.028,0.00090561224489796,0.02545,0.029,"calibrated"
21,"highest_betweenness + highest_in_degree + highest_out_degree + largest_beds + largest_outgoing","fixed","Mid",1,"750100125","MCO/SSR","Île-de-France",1,1,1,0,0,TRUE,3,0.029,0.0029,0.029,0.029,"calibrated"
22,"highest_betweenness + highest_in_degree + highest_out_degree + largest_beds + largest_outgoing","fixed","Mid",2,"750100125","MCO/SSR","Île-de-France",1907,730,274,1907,0.00509151103338718,FALSE,NA,0.029,0.0029,0.029,0.029,"calibrated"
23,"highest_betweenness + highest_in_degree + highest_out_degree + largest_beds + largest_outgoing","fixed","Mid",3,"750100125","MCO/SSR","Île-de-France",1,1,1,0,0,TRUE,20,0.029,0.0029,0.029,0.029,"calibrated"
24,"highest_betweenness + highest_in_degree + highest_out_degree + largest_beds + largest_outgoing","fixed","Mid",4,"750100125","MCO/SSR","Île-de-France",2,6,2,0,0,TRUE,24,0.029,0.0029,0.029,0.029,"calibrated"
25,"highest_betweenness + highest_in_degree + highest_out_degree + largest_beds + largest_outgoing","fixed","Mid",5,"750100125","MCO/SSR","Île-de-France",2970,730,258,2970,0.00792962127381223,FALSE,NA,0.029,0.0029,0.029,0.029,"calibrated"
26,"highest_betweenness + highest_in_degree + highest_out_degree + largest_beds + largest_outgoing","fixed","Mid",6,"750100125","MCO/SSR","Île-de-France",3,22,3,0,0,TRUE,190,0.029,0.0029,0.029,0.029,"calibrated"
27,"highest_betweenness + highest_in_degree + highest_out_degree + largest_beds + largest_outgoing","fixed","Mid",7,"750100125","MCO/SSR","Île-de-France",1,1,1,0,0,TRUE,26,0.029,0.0029,0.029,0.029,"calibrated"
28,"highest_betweenness + highest_in_degree + highest_out_degree + largest_beds + largest_outgoing","fixed","Mid",8,"750100125","MCO/SSR","Île-de-France",1,1,1,0,0,TRUE,14,0.029,0.0029,0.029,0.029,"calibrated"
29,"highest_betweenness + highest_in_degree + highest_out_degree + largest_beds + largest_outgoing","fixed","Mid",9,"750100125","MCO/SSR","Île-de-France",1,1,1,0,0,TRUE,3,0.029,0.0029,0.029,0.029,"calibrated"
30,"highest_betweenness + highest_in_degree + highest_out_degree + largest_beds + largest_outgoing","fixed","Mid",10,"750100125","MCO/SSR","Île-de-France",1,1,1,0,0,TRUE,12,0.029,0.0029,0.029,0.029,"calibrated"
31,"random_MCO","type_random","High",1,"930300082","MCO","Île-de-France",287156,730,2354,287156,0.766679571213072,FALSE,NA,0.05,0.0114795918367347,0.035,0.08,"extrapolated"
32,"random_MCO","type_random","High",2,"120001748","MCO","Occitanie",1,1,1,0,0,TRUE,9,0.05,0.0114795918367347,0.035,0.08,"extrapolated"
33,"random_MCO","type_random","High",3,"340780667","MCO","Occitanie",1,1,1,0,0,TRUE,13,0.05,0.0114795918367347,0.035,0.08,"extrapolated"
34,"random_MCO","type_random","High",4,"590817458","MCO","Hauts-de-France",1,1,1,0,0,TRUE,4,0.05,0.0114795918367347,0.035,0.08,"extrapolated"
35,"random_MCO","type_random","High",5,"130034044","MCO","Provence-Alpes-Côte d'Azur",288528,729,2358,288528,0.770342682454712,FALSE,NA,0.05,0.0114795918367347,0.035,0.08,"extrapolated"
36,"random_MCO","type_random","High",6,"340780840","MCO","Occitanie",1,1,1,0,0,TRUE,6,0.05,0.0114795918367347,0.035,0.08,"extrapolated"
37,"random_MCO","type_random","High",7,"680000320","MCO","Grand-Est",1,1,1,0,0,TRUE,2,0.05,0.0114795918367347,0.035,0.08,"extrapolated"
38,"random_MCO","type_random","High",8,"250011848","MCO","Bourgogne-Franche-Comté",1,1,1,0,0,TRUE,19,0.05,0.0114795918367347,0.035,0.08,"extrapolated"
39,"random_MCO","type_random","High",9,"690043476","MCO","Auvergne-Rhône-Alpes",1,1,1,0,0,TRUE,8,0.05,0.0114795918367347,0.035,0.08,"extrapolated"
40,"random_MCO","type_random","High",10,"770020055","MCO","Île-de-France",1,1,1,0,0,TRUE,13,0.05,0.0114795918367347,0.035,0.08,"extrapolated"
41,"random_MCO","type_random","Low",1,"690780226","MCO","Auvergne-Rhône-Alpes",2,18,1,0,0,TRUE,27,0.028,0.00090561224489796,0.02545,0.029,"calibrated"
42,"random_MCO","type_random","Low",2,"430000109","MCO","Auvergne-Rhône-Alpes",1,1,1,0,0,TRUE,2,0.028,0.00090561224489796,0.02545,0.029,"calibrated"
43,"random_MCO","type_random","Low",3,"130804297","MCO","Provence-Alpes-Côte d'Azur",1,1,1,0,0,TRUE,10,0.028,0.00090561224489796,0.02545,0.029,"calibrated"
44,"random_MCO","type_random","Low",4,"290004142","MCO","Bretagne",1,1,1,0,0,TRUE,2,0.028,0.00090561224489796,0.02545,0.029,"calibrated"
45,"random_MCO","type_random","Low",5,"240015677","MCO","Nouvelle-Aquitaine",2,2,1,0,0,TRUE,15,0.028,0.00090561224489796,0.02545,0.029,"calibrated"
46,"random_MCO","type_random","Low",6,"740014691","MCO","Auvergne-Rhône-Alpes",1,1,1,0,0,TRUE,15,0.028,0.00090561224489796,0.02545,0.029,"calibrated"
47,"random_MCO","type_random","Low",7,"840018642","MCO","Provence-Alpes-Côte d'Azur",0,1,0,0,0,TRUE,1,0.028,0.00090561224489796,0.02545,0.029,"calibrated"
48,"random_MCO","type_random","Low",8,"190000026","MCO","Nouvelle-Aquitaine",2,2,2,0,0,TRUE,16,0.028,0.00090561224489796,0.02545,0.029,"calibrated"
49,"random_MCO","type_random","Low",9,"590796975","MCO","Hauts-de-France",2,13,1,0,0,TRUE,18,0.028,0.00090561224489796,0.02545,0.029,"calibrated"
50,"random_MCO","type_random","Low",10,"830000337","MCO","Provence-Alpes-Côte d'Azur",1,1,1,0,0,TRUE,4,0.028,0.00090561224489796,0.02545,0.029,"calibrated"
51,"random_MCO","type_random","Mid",1,"350000196","MCO","Bretagne",4,12,2,0,0,TRUE,16,0.029,0.0029,0.029,0.029,"calibrated"
52,"random_MCO","type_random","Mid",2,"760780510","MCO","Normandie",1,1,1,0,0,TRUE,18,0.029,0.0029,0.029,0.029,"calibrated"
53,"random_MCO","type_random","Mid",3,"210987574","MCO","Bourgogne-Franche-Comté",3,24,3,0,0,TRUE,57,0.029,0.0029,0.029,0.029,"calibrated"
54,"random_MCO","type_random","Mid",4,"050000231","MCO","Provence-Alpes-Côte d'Azur",1,1,1,0,0,TRUE,52,0.029,0.0029,0.029,0.029,"calibrated"
55,"random_MCO","type_random","Mid",5,"510000185","MCO","Grand-Est",1,1,1,0,0,TRUE,3,0.029,0.0029,0.029,0.029,"calibrated"
56,"random_MCO","type_random","Mid",6,"840018774","MCO","Provence-Alpes-Côte d'Azur",0,1,0,0,0,TRUE,1,0.029,0.0029,0.029,0.029,"calibrated"
57,"random_MCO","type_random","Mid",7,"680000494","MCO","Grand-Est",2,72,1,0,0,TRUE,83,0.029,0.0029,0.029,0.029,"calibrated"
58,"random_MCO","type_random","Mid",8,"350040044","MCO","Bretagne",1,1,1,0,0,TRUE,2,0.029,0.0029,0.029,0.029,"calibrated"
59,"random_MCO","type_random","Mid",9,"140018730","MCO","Normandie",1,1,1,0,0,TRUE,11,0.029,0.0029,0.029,0.029,"calibrated"
60,"random_MCO","type_random","Mid",10,"450013818","MCO","Centre-Val de Loire",1,1,1,0,0,TRUE,3,0.029,0.0029,0.029,0.029,"calibrated"
61,"random_MCO_SSR","type_random","High",1,"250006954","MCO/SSR","Bourgogne-Franche-Comté",1,1,1,0,0,TRUE,3,0.05,0.0114795918367347,0.035,0.08,"extrapolated"
62,"random_MCO_SSR","type_random","High",2,"790003537","MCO/SSR","Nouvelle-Aquitaine",284423,730,2356,284423,0.759382717697473,FALSE,NA,0.05,0.0114795918367347,0.035,0.08,"extrapolated"
63,"random_MCO_SSR","type_random","High",3,"840000491","MCO/SSR","Provence-Alpes-Côte d'Azur",0,1,0,0,0,TRUE,1,0.05,0.0114795918367347,0.035,0.08,"extrapolated"
64,"random_MCO_SSR","type_random","High",4,"560000291","MCO/SSR","Bretagne",2,1,2,0,0,TRUE,24,0.05,0.0114795918367347,0.035,0.08,"extrapolated"
65,"random_MCO_SSR","type_random","High",5,"330780537","MCO/SSR","Nouvelle-Aquitaine",286497,730,2358,286497,0.764920103058378,FALSE,NA,0.05,0.0114795918367347,0.035,0.08,"extrapolated"
66,"random_MCO_SSR","type_random","High",6,"010000065","MCO/SSR","Auvergne-Rhône-Alpes",1,1,1,0,0,TRUE,12,0.05,0.0114795918367347,0.035,0.08,"extrapolated"
67,"random_MCO_SSR","type_random","High",7,"680000601","MCO/SSR","Grand-Est",2,17,2,0,0,TRUE,36,0.05,0.0114795918367347,0.035,0.08,"extrapolated"
68,"random_MCO_SSR","type_random","High",8,"600101943","MCO/SSR","Hauts-de-France",3,65,2,0,0,TRUE,86,0.05,0.0114795918367347,0.035,0.08,"extrapolated"
69,"random_MCO_SSR","type_random","High",9,"550000038","MCO/SSR","Grand-Est",3,31,3,0,0,TRUE,74,0.05,0.0114795918367347,0.035,0.08,"extrapolated"
70,"random_MCO_SSR","type_random","High",10,"130786742","MCO/SSR","Provence-Alpes-Côte d'Azur",280054,730,2351,280054,0.747717897715895,FALSE,NA,0.05,0.0114795918367347,0.035,0.08,"extrapolated"
71,"random_MCO_SSR","type_random","Low",1,"750150377","MCO/SSR","Île-de-France",1,1,1,0,0,TRUE,5,0.028,0.00090561224489796,0.02545,0.029,"calibrated"
72,"random_MCO_SSR","type_random","Low",2,"790003537","MCO/SSR","Nouvelle-Aquitaine",1,1,1,0,0,TRUE,38,0.028,0.00090561224489796,0.02545,0.029,"calibrated"
73,"random_MCO_SSR","type_random","Low",3,"360000137","MCO/SSR","Centre-Val de Loire",1,1,1,0,0,TRUE,21,0.028,0.00090561224489796,0.02545,0.029,"calibrated"
74,"random_MCO_SSR","type_random","Low",4,"380000059","MCO/SSR","Auvergne-Rhône-Alpes",1579,730,240,1579,0.00421578181526919,FALSE,NA,0.028,0.00090561224489796,0.02545,0.029,"calibrated"
75,"random_MCO_SSR","type_random","Low",5,"600000186","MCO/SSR","Hauts-de-France",1,1,1,0,0,TRUE,38,0.028,0.00090561224489796,0.02545,0.029,"calibrated"
76,"random_MCO_SSR","type_random","Low",6,"780300208","MCO/SSR","Île-de-France",827,730,179,827,0.00220801238836455,FALSE,NA,0.028,0.00090561224489796,0.02545,0.029,"calibrated"
77,"random_MCO_SSR","type_random","Low",7,"560000192","MCO/SSR","Bretagne",10,195,5,0,0,TRUE,254,0.028,0.00090561224489796,0.02545,0.029,"calibrated"
78,"random_MCO_SSR","type_random","Low",8,"2A0004842","MCO/SSR","Corse",0,1,0,0,0,TRUE,1,0.028,0.00090561224489796,0.02545,0.029,"calibrated"
79,"random_MCO_SSR","type_random","Low",9,"740000302","MCO/SSR","Auvergne-Rhône-Alpes",1,1,1,0,0,TRUE,4,0.028,0.00090561224489796,0.02545,0.029,"calibrated"
80,"random_MCO_SSR","type_random","Low",10,"690780655","MCO/SSR","Auvergne-Rhône-Alpes",1,1,1,0,0,TRUE,16,0.028,0.00090561224489796,0.02545,0.029,"calibrated"
81,"random_MCO_SSR","type_random","Mid",1,"360000178","MCO/SSR","Centre-Val de Loire",1,1,1,0,0,TRUE,11,0.029,0.0029,0.029,0.029,"calibrated"
82,"random_MCO_SSR","type_random","Mid",2,"740000328","MCO/SSR","Auvergne-Rhône-Alpes",2,11,2,0,0,TRUE,36,0.029,0.0029,0.029,0.029,"calibrated"
83,"random_MCO_SSR","type_random","Mid",3,"260000203","MCO/SSR","Auvergne-Rhône-Alpes",2,1,2,0,0,TRUE,37,0.029,0.0029,0.029,0.029,"calibrated"
84,"random_MCO_SSR","type_random","Mid",4,"920000627","MCO/SSR","Île-de-France",5,122,3,0,0,TRUE,141,0.029,0.0029,0.029,0.029,"calibrated"
85,"random_MCO_SSR","type_random","Mid",5,"520000027","MCO/SSR","Grand-Est",2,5,2,0,0,TRUE,25,0.029,0.0029,0.029,0.029,"calibrated"
86,"random_MCO_SSR","type_random","Mid",6,"830100608","MCO/SSR","Provence-Alpes-Côte d'Azur",1,1,1,0,0,TRUE,8,0.029,0.0029,0.029,0.029,"calibrated"
87,"random_MCO_SSR","type_random","Mid",7,"650000052","MCO/SSR","Occitanie",1,1,1,0,0,TRUE,45,0.029,0.0029,0.029,0.029,"calibrated"
88,"random_MCO_SSR","type_random","Mid",8,"440003291","MCO/SSR","Pays de la Loire",54,726,20,53,0.000141505026098333,FALSE,NA,0.029,0.0029,0.029,0.029,"calibrated"
89,"random_MCO_SSR","type_random","Mid",9,"950000307","MCO/SSR","Île-de-France",4,30,3,0,0,TRUE,57,0.029,0.0029,0.029,0.029,"calibrated"
90,"random_MCO_SSR","type_random","Mid",10,"310781695","MCO/SSR","Occitanie",1,1,1,0,0,TRUE,7,0.029,0.0029,0.029,0.029,"calibrated"
91,"random_SSR","type_random","High",1,"540009412","SSR","Grand-Est",1,1,1,0,0,TRUE,51,0.05,0.0114795918367347,0.035,0.08,"extrapolated"
92,"random_SSR","type_random","High",2,"400780466","SSR","Nouvelle-Aquitaine",277999,730,2353,277999,0.742231240571894,FALSE,NA,0.05,0.0114795918367347,0.035,0.08,"extrapolated"
93,"random_SSR","type_random","High",3,"070784897","SSR","Auvergne-Rhône-Alpes",287966,728,2354,287874,0.768596563830781,FALSE,NA,0.05,0.0114795918367347,0.035,0.08,"extrapolated"
94,"random_SSR","type_random","High",4,"480000793","SSR","Occitanie",288241,730,2364,288241,0.769576419388858,FALSE,NA,0.05,0.0114795918367347,0.035,0.08,"extrapolated"
95,"random_SSR","type_random","High",5,"120000153","SSR","Occitanie",3,29,1,0,0,TRUE,64,0.05,0.0114795918367347,0.035,0.08,"extrapolated"
96,"random_SSR","type_random","High",6,"270000870","SSR","Normandie",288335,722,2361,288034,0.769023748815229,FALSE,NA,0.05,0.0114795918367347,0.035,0.08,"extrapolated"
97,"random_SSR","type_random","High",7,"930017512","SSR","Île-de-France",1,1,1,0,0,TRUE,5,0.05,0.0114795918367347,0.035,0.08,"extrapolated"
98,"random_SSR","type_random","High",8,"080010523","SSR","Grand-Est",1,1,1,0,0,TRUE,3,0.05,0.0114795918367347,0.035,0.08,"extrapolated"
99,"random_SSR","type_random","High",9,"030000012","SSR","Auvergne-Rhône-Alpes",287763,730,2361,287763,0.768300204247821,FALSE,NA,0.05,0.0114795918367347,0.035,0.08,"extrapolated"
100,"random_SSR","type_random","High",10,"540022811","SSR","Grand-Est",268470,730,2344,268470,0.716789704841875,FALSE,NA,0.05,0.0114795918367347,0.035,0.08,"extrapolated"
101,"random_SSR","type_random","Low",1,"110005246","SSR","Occitanie",1,1,1,0,0,TRUE,9,0.028,0.00090561224489796,0.02545,0.029,"calibrated"
102,"random_SSR","type_random","Low",2,"710978206","SSR","Bourgogne-Franche-Comté",1,1,1,0,0,TRUE,33,0.028,0.00090561224489796,0.02545,0.029,"calibrated"
103,"random_SSR","type_random","Low",3,"570003103","SSR","Grand-Est",0,1,0,0,0,TRUE,1,0.028,0.00090561224489796,0.02545,0.029,"calibrated"
104,"random_SSR","type_random","Low",4,"830017372","SSR","Provence-Alpes-Côte d'Azur",2,10,1,0,0,TRUE,12,0.028,0.00090561224489796,0.02545,0.029,"calibrated"
105,"random_SSR","type_random","Low",5,"130780083","SSR","Provence-Alpes-Côte d'Azur",1,1,1,0,0,TRUE,49,0.028,0.00090561224489796,0.02545,0.029,"calibrated"
106,"random_SSR","type_random","Low",6,"420782096","SSR","Auvergne-Rhône-Alpes",1,1,1,0,0,TRUE,23,0.028,0.00090561224489796,0.02545,0.029,"calibrated"
107,"random_SSR","type_random","Low",7,"930013818","SSR","Île-de-France",1,1,1,0,0,TRUE,6,0.028,0.00090561224489796,0.02545,0.029,"calibrated"
108,"random_SSR","type_random","Low",8,"440053387","SSR","Pays de la Loire",3,32,3,0,0,TRUE,116,0.028,0.00090561224489796,0.02545,0.029,"calibrated"
109,"random_SSR","type_random","Low",9,"620106203","SSR","Hauts-de-France",113,730,40,113,0.000301699395266256,FALSE,NA,0.028,0.00090561224489796,0.02545,0.029,"calibrated"
110,"random_SSR","type_random","Low",10,"010002129","SSR","Auvergne-Rhône-Alpes",1,1,1,0,0,TRUE,22,0.028,0.00090561224489796,0.02545,0.029,"calibrated"
111,"random_SSR","type_random","Mid",1,"540022811","SSR","Grand-Est",1133,730,219,1133,0.00302500367112096,FALSE,NA,0.029,0.0029,0.029,0.029,"calibrated"
112,"random_SSR","type_random","Mid",2,"600100283","SSR","Hauts-de-France",1,1,1,0,0,TRUE,16,0.029,0.0029,0.029,0.029,"calibrated"
113,"random_SSR","type_random","Mid",3,"880000203","SSR","Grand-Est",1,1,1,0,0,TRUE,9,0.029,0.0029,0.029,0.029,"calibrated"
114,"random_SSR","type_random","Mid",4,"350040499","SSR","Bretagne",1,1,1,0,0,TRUE,15,0.029,0.0029,0.029,0.029,"calibrated"
115,"random_SSR","type_random","Mid",5,"370100539","SSR","Centre-Val de Loire",3018,730,490,3018,0.00805777676914657,FALSE,NA,0.029,0.0029,0.029,0.029,"calibrated"
116,"random_SSR","type_random","Mid",6,"130785975","SSR","Provence-Alpes-Côte d'Azur",3,31,2,0,0,TRUE,58,0.029,0.0029,0.029,0.029,"calibrated"
117,"random_SSR","type_random","Mid",7,"480780543","SSR","Occitanie",3,108,2,0,0,TRUE,137,0.029,0.0029,0.029,0.029,"calibrated"
118,"random_SSR","type_random","Mid",8,"330780560","SSR","Nouvelle-Aquitaine",1,1,1,0,0,TRUE,9,0.029,0.0029,0.029,0.029,"calibrated"
119,"random_SSR","type_random","Mid",9,"380009928","SSR","Auvergne-Rhône-Alpes",1,1,1,0,0,TRUE,6,0.029,0.0029,0.029,0.029,"calibrated"
120,"random_SSR","type_random","Mid",10,"420000036","SSR","Auvergne-Rhône-Alpes",3,16,2,0,0,TRUE,31,0.029,0.0029,0.029,0.029,"calibrated"
