"job_index","beta_within","pi_vec_val","rep_id","sim_seed","reported_inc","net_prev_final","steady_state_cv","steady_state_reached","extinct"
9,0.005,0.001,1,810007,0.00341154675079838,0.000752913535089242,0.9486,FALSE,FALSE
9,0.005,0.001,2,810014,0.00375270142587821,0.000667476538199682,0.8742,FALSE,FALSE
9,0.005,0.001,3,810021,0.00355987487039831,0.000742233910478047,0.8532,FALSE,FALSE
9,0.005,0.01,1,810028,0.0350202690375433,0.00717403783257018,0.3156,FALSE,FALSE
9,0.005,0.01,2,810035,0.0351834299691033,0.00710462027259742,0.3012,FALSE,FALSE
9,0.005,0.01,3,810042,0.0367557080368625,0.00737962060633569,0.2364,FALSE,FALSE
9,0.005,0.05,1,810049,0.186774768200231,0.0387803868694015,0.0963,TRUE,FALSE
9,0.005,0.05,2,810056,0.181509119954434,0.037859269246686,0.1131,TRUE,FALSE
9,0.005,0.05,3,810063,0.183214893329833,0.038150289017341,0.1166,TRUE,FALSE
9,0.01,0.001,1,810070,0.00753506847567641,0.000790292221228424,0.5949,FALSE,FALSE
9,0.01,0.001,2,810077,0.00867719499659587,0.000795632033534021,0.7646,FALSE,FALSE
9,0.01,0.001,3,810084,0.00800971845839619,0.000734224192019651,0.5812,FALSE,FALSE
9,0.01,0.01,1,810091,0.0731405957747252,0.00751578582012842,0.2065,FALSE,FALSE
9,0.01,0.01,2,810098,0.0753358519448041,0.0075665140370316,0.155,FALSE,FALSE
9,0.01,0.01,3,810105,0.0750095300816843,0.00763860150315716,0.1977,FALSE,FALSE
9,0.01,0.05,1,810112,0.392921188820213,0.0409163117916405,0.0635,TRUE,FALSE
9,0.01,0.05,2,810119,0.392654198204933,0.0415650989867706,0.069,TRUE,FALSE
9,0.01,0.05,3,810126,0.389465143633535,0.0415570892683122,0.077,TRUE,FALSE
9,0.015,0.001,1,810133,0.0124743948583541,0.00081966118890921,0.5079,FALSE,FALSE
9,0.015,0.001,2,810140,0.0124298964224741,0.000897088467340373,0.5709,FALSE,FALSE
9,0.015,0.001,3,810147,0.0124892276703141,0.000833010719673204,0.4155,FALSE,FALSE
9,0.015,0.01,1,810154,0.122385531481902,0.00843423353669119,0.149,TRUE,FALSE
9,0.015,0.01,2,810161,0.1266870469503,0.00845025297360798,0.1206,TRUE,FALSE
9,0.015,0.01,3,810168,0.124936775139021,0.00854636959510873,0.1245,TRUE,FALSE
9,0.015,0.05,1,810175,0.638344895510256,0.0460772403850005,0.0624,TRUE,FALSE
9,0.015,0.05,2,810182,0.632352439478419,0.0451294237007569,0.0598,TRUE,FALSE
9,0.015,0.05,3,810189,0.637558756476376,0.0459891334819581,0.063,TRUE,FALSE
9,0.02,0.001,1,810196,0.0196386430350307,0.00100655461960512,0.4006,FALSE,FALSE
9,0.02,0.001,2,810203,0.0184075196423512,0.00100655461960512,0.4944,FALSE,FALSE
9,0.02,0.001,3,810210,0.0222047195041094,0.00113471011493946,0.396,FALSE,FALSE
9,0.02,0.01,1,810217,0.192915552351668,0.00998544901146725,0.1127,TRUE,FALSE
9,0.02,0.01,2,810224,0.186151790097911,0.0102097211283023,0.1295,TRUE,FALSE
9,0.02,0.01,3,810231,0.185588143243432,0.00964103111775621,0.0946,TRUE,FALSE
9,0.02,0.05,1,810238,0.951524887233547,0.0526078308347462,0.0588,TRUE,FALSE
9,0.02,0.05,2,810245,0.942313711006391,0.0517854997396842,0.071,TRUE,FALSE
9,0.02,0.05,3,810252,0.950709082575747,0.0526318599901213,0.0532,TRUE,FALSE
9,0.025,0.001,1,810259,0.0334183253458641,0.00154053585016487,0.2591,FALSE,FALSE
9,0.025,0.001,2,810266,0.0283306708435865,0.00116407908262025,0.2926,FALSE,FALSE
9,0.025,0.001,3,810273,0.0261650802974275,0.00129757439026018,0.3058,FALSE,FALSE
9,0.025,0.01,1,810280,0.278767867976107,0.012508510325862,0.1076,TRUE,FALSE
9,0.025,0.01,2,810287,0.278782700788067,0.0128369087826563,0.1136,TRUE,FALSE
9,0.025,0.01,3,810294,0.283084216256465,0.0128128796272811,0.1032,TRUE,FALSE
9,0.025,0.05,1,810301,1.36473736281503,0.0615279872912467,0.0532,TRUE,FALSE
9,0.025,0.05,2,810308,1.35285628043508,0.061391822077454,0.0426,TRUE,FALSE
9,0.025,0.05,3,810315,1.36469286437915,0.0618216769680546,0.0461,TRUE,FALSE
9,0.03,0.001,1,810322,0.0439347890254991,0.00162330294090163,0.212,FALSE,FALSE
9,0.03,0.001,2,810329,0.0665399944525283,0.00304369301419055,0.2108,FALSE,FALSE
9,0.03,0.001,3,810336,0.0576254744645726,0.0027259741820075,0.1272,TRUE,FALSE
9,0.03,0.01,1,810343,0.443471411979869,0.0177735652591811,0.0807,TRUE,FALSE
9,0.03,0.01,2,810350,0.443278585424389,0.0178403129130011,0.0864,TRUE,FALSE
9,0.03,0.01,3,810357,0.436440659110832,0.0174852153946789,0.0608,TRUE,FALSE
9,0.03,0.05,1,810364,1.90002388082726,0.0759855291086518,0.0328,TRUE,FALSE
9,0.03,0.05,2,810371,1.90797426803781,0.0761190244162918,0.0458,TRUE,FALSE
9,0.03,0.05,3,810378,1.90787043835409,0.0758814027686927,0.0481,TRUE,FALSE
9,0.035,0.001,1,810385,0.100996616635592,0.00426117021986677,0.1349,TRUE,FALSE
9,0.035,0.001,2,810392,0.115206450493265,0.00535850164866705,0.1664,FALSE,FALSE
9,0.035,0.001,3,810399,0.0873949280682784,0.00366044133548706,0.1772,FALSE,FALSE
9,0.035,0.01,1,810406,0.702140819750186,0.0266376536864729,0.0646,TRUE,FALSE
9,0.035,0.01,2,810413,0.716751139530779,0.0274973634676741,0.0892,TRUE,FALSE
9,0.035,0.01,3,810420,0.764750119033316,0.0289097438225046,0.0711,TRUE,FALSE
9,0.035,0.05,1,810427,2.65209194563478,0.0952088534088027,0.0318,TRUE,FALSE
9,0.035,0.05,2,810434,2.65161729565206,0.0949472026058284,0.0442,TRUE,FALSE
9,0.035,0.05,3,810441,2.62956090426755,0.0947976878612717,0.0316,TRUE,FALSE
9,0.04,0.001,1,810448,0.208430673661821,0.0084021946628576,0.1129,TRUE,FALSE
9,0.04,0.001,2,810455,0.23131770251609,0.00955292421471385,0.1031,TRUE,FALSE
9,0.04,0.001,3,810462,0.208638333029261,0.00828738869828726,0.0766,TRUE,FALSE
9,0.04,0.01,1,810469,1.19140112225055,0.0418934974435649,0.0634,TRUE,FALSE
9,0.04,0.01,2,810476,1.24564471558825,0.0457168030543726,0.0487,TRUE,FALSE
9,0.04,0.01,3,810483,1.21875282750478,0.0443685004472093,0.0567,TRUE,FALSE
9,0.04,0.05,1,810490,3.53339830104972,0.117313006447823,0.0368,TRUE,FALSE
9,0.04,0.05,2,810497,3.5329978151268,0.1167656756865,0.0387,TRUE,FALSE
9,0.04,0.05,3,810504,3.51146057216089,0.116672228971152,0.0419,TRUE,FALSE
9,0.045,0.001,1,810511,0.408851628865245,0.0157524463015125,0.0697,TRUE,FALSE
9,0.045,0.001,2,810518,0.428119451601276,0.0173223511193582,0.0852,TRUE,FALSE
9,0.045,0.001,3,810525,0.325787881889285,0.012615306571974,0.0898,TRUE,FALSE
9,0.045,0.01,1,810532,1.89591519191434,0.0635918247473601,0.0448,TRUE,FALSE
9,0.045,0.01,2,810539,1.8845087595171,0.0633301739443859,0.035,TRUE,FALSE
9,0.045,0.01,3,810546,1.91715577864105,0.064667796926938,0.0415,TRUE,FALSE
9,0.045,0.05,1,810553,4.49416403013434,0.141008423553912,0.0374,TRUE,FALSE
9,0.045,0.05,2,810560,4.47059469192991,0.138402595148781,0.0367,TRUE,FALSE
9,0.045,0.05,3,810567,4.46633767489739,0.138832450039381,0.0318,TRUE,FALSE
9,0.05,0.001,1,810574,0.898260259485212,0.0326903309348676,0.0492,TRUE,FALSE
9,0.05,0.001,2,810581,0.761397903530358,0.0268432364602384,0.0572,TRUE,FALSE
9,0.05,0.001,3,810588,0.717937764487578,0.0263599834465819,0.0638,TRUE,FALSE
9,0.05,0.01,1,810595,2.73807775656686,0.0874420964103112,0.0373,TRUE,FALSE
9,0.05,0.01,2,810602,2.78380731583951,0.0906059352013777,0.0545,TRUE,FALSE
9,0.05,0.01,3,810609,2.68464996788696,0.0868413675259315,0.0378,TRUE,FALSE
9,0.05,0.05,1,810616,5.51894817563829,0.163390246832824,0.0418,TRUE,FALSE
9,0.05,0.05,2,810623,5.457881488799,0.162554566206998,0.0389,TRUE,FALSE
9,0.05,0.05,3,810630,5.49468169527174,0.162319614465552,0.0302,TRUE,FALSE
9,0.055,0.001,1,810637,1.06593036588097,0.0358221308521006,0.0568,TRUE,FALSE
9,0.055,0.001,2,810644,1.10821871277891,0.0367058697886769,0.0547,TRUE,FALSE
9,0.055,0.001,3,810651,1.27132031309099,0.0438078201551215,0.0473,TRUE,FALSE
9,0.055,0.01,1,810658,3.49886751480685,0.10631032319214,0.0366,TRUE,FALSE
9,0.055,0.01,2,810665,3.53689884467228,0.107901587259208,0.037,TRUE,FALSE
9,0.055,0.01,3,810672,3.63000440534515,0.109701104006194,0.0359,TRUE,FALSE
9,0.055,0.05,1,810679,6.52734206392645,0.184437117035336,0.0373,TRUE,FALSE
9,0.055,0.05,2,810686,6.50446986788414,0.184263573135404,0.027,TRUE,FALSE
9,0.055,0.05,3,810693,6.49723145564767,0.183355805043453,0.0372,TRUE,FALSE
9,0.06,0.001,1,810700,1.8032397827883,0.0591037125045055,0.0546,TRUE,FALSE
9,0.06,0.001,2,810707,1.52006656966008,0.0486536998224512,0.0507,TRUE,FALSE
9,0.06,0.001,3,810714,1.78670119745291,0.0570318653299337,0.0554,TRUE,FALSE
9,0.06,0.01,1,810721,4.4518015191766,0.130499672936496,0.038,TRUE,FALSE
9,0.06,0.01,2,810728,4.59186776251481,0.132710355231014,0.0318,TRUE,FALSE
9,0.06,0.01,3,810735,4.48879455220482,0.130107196732035,0.0382,TRUE,FALSE
9,0.06,0.05,1,810742,7.55295684690017,0.205241025777944,0.0289,TRUE,FALSE
9,0.06,0.05,2,810749,7.53075212739606,0.204004859229198,0.0388,TRUE,FALSE
9,0.06,0.05,3,810756,7.52296490111706,0.204458743275174,0.0367,TRUE,FALSE
9,0.065,0.001,1,810763,2.16984756319149,0.0670627027459985,0.0389,TRUE,FALSE
9,0.065,0.001,2,810770,2.44248947982812,0.0753634409750497,0.0357,TRUE,FALSE
9,0.065,0.001,3,810777,2.05901679222642,0.0652658559051649,0.0417,TRUE,FALSE
9,0.065,0.01,1,810784,5.44206971124965,0.15198707765422,0.0423,TRUE,FALSE
9,0.065,0.01,2,810791,5.47308512105799,0.152950913775381,0.0448,TRUE,FALSE
9,0.065,0.01,3,810798,5.45804464973056,0.152507709354016,0.032,TRUE,FALSE
9,0.065,0.05,1,810805,8.57076957078292,0.225729885594521,0.0336,TRUE,FALSE
9,0.065,0.05,2,810812,8.58939958260467,0.224151971058217,0.0337,TRUE,FALSE
9,0.065,0.05,3,810819,8.56382781478564,0.223543232455379,0.0317,TRUE,FALSE
9,0.07,0.001,1,810826,3.12844770172995,0.092338704294544,0.0397,TRUE,FALSE
9,0.07,0.001,2,810833,2.6478200957903,0.079763446314862,0.049,TRUE,FALSE
9,0.07,0.001,3,810840,3.08440908302073,0.0898610313847468,0.0396,TRUE,FALSE
9,0.07,0.01,1,810847,6.40369574342795,0.172214286667824,0.0405,TRUE,FALSE
9,0.07,0.01,2,810854,6.41710460543979,0.17173370356032,0.0368,TRUE,FALSE
9,0.07,0.01,3,810861,6.40982169476743,0.172620112403049,0.0423,TRUE,FALSE
9,0.07,0.05,1,810868,9.61059418761431,0.244202966265736,0.0301,TRUE,FALSE
9,0.07,0.05,2,810875,9.59722982403835,0.244309762511848,0.0345,TRUE,FALSE
9,0.07,0.05,3,810882,9.56974462347648,0.244526024910224,0.0326,TRUE,FALSE
9,0.075,0.001,1,810889,3.58512031635421,0.104577554098973,0.0458,TRUE,FALSE
9,0.075,0.001,2,810896,3.92753578045065,0.111377805070152,0.0414,TRUE,FALSE
9,0.075,0.001,3,810903,3.78604558716428,0.107671975330067,0.0462,TRUE,FALSE
9,0.075,0.01,1,810910,7.29507357816373,0.191133241666555,0.0431,TRUE,FALSE
9,0.075,0.01,2,810917,7.31450456183132,0.189272317078055,0.0363,TRUE,FALSE
9,0.075,0.01,3,810924,7.32806175196275,0.189747560373253,0.0396,TRUE,FALSE
9,0.075,0.05,1,810931,10.6024346577551,0.263290125352094,0.0336,TRUE,FALSE
9,0.075,0.05,2,810938,10.5806452569859,0.259733810356566,0.0377,TRUE,FALSE
9,0.075,0.05,3,810945,10.6828729970142,0.263199348542899,0.039,TRUE,FALSE
9,0.08,0.001,1,810952,4.52307318064437,0.123445780880802,0.0426,TRUE,FALSE
9,0.08,0.001,2,810959,4.77445967774233,0.130208653165841,0.0456,TRUE,FALSE
9,0.08,0.001,3,810966,4.54489224703752,0.125031705135564,0.0495,TRUE,FALSE
9,0.08,0.01,1,810973,8.27819235487206,0.208463602504372,0.039,TRUE,FALSE
9,0.08,0.01,2,810980,8.27986846262354,0.207921611555354,0.0376,TRUE,FALSE
9,0.08,0.01,3,810987,8.25844988215331,0.207870883338451,0.0437,TRUE,FALSE
9,0.08,0.05,1,810994,11.6296217187966,0.279969029088628,0.033,TRUE,FALSE
9,0.08,0.05,2,811001,11.6691066642341,0.279520484854957,0.0357,TRUE,FALSE
9,0.08,0.05,3,811008,11.6670745689956,0.278869027753674,0.036,TRUE,FALSE
9,0.085,0.001,1,811015,5.74839694384742,0.15133829045909,0.0475,TRUE,FALSE
9,0.085,0.001,2,811022,5.5926524182675,0.147154547517655,0.0414,TRUE,FALSE
9,0.085,0.001,3,811029,5.63801115724116,0.149755036110481,0.0409,TRUE,FALSE
9,0.085,0.01,1,811036,9.26318006588735,0.225964837335968,0.0373,TRUE,FALSE
9,0.085,0.01,2,811043,9.28108326992306,0.22545221535463,0.0374,TRUE,FALSE
9,0.085,0.01,3,811050,9.20421963834638,0.224250757585871,0.0359,TRUE,FALSE
9,0.085,0.05,1,811057,12.6673994075775,0.296901573909677,0.0392,TRUE,FALSE
9,0.085,0.05,2,811064,12.6826920367082,0.294933853075064,0.0358,TRUE,FALSE
9,0.085,0.05,3,811071,12.6965607158908,0.297355457955653,0.0409,TRUE,FALSE
9,0.09,0.001,1,811078,6.79083213558377,0.172959190484454,0.0418,TRUE,FALSE
9,0.09,0.001,2,811085,6.6901618408113,0.170374721328545,0.045,TRUE,FALSE
9,0.09,0.001,3,811092,6.642073864437,0.168874234070672,0.0429,TRUE,FALSE
9,0.09,0.01,1,811099,10.1729950858894,0.241848109038967,0.0364,TRUE,FALSE
9,0.09,0.01,2,811106,10.2279506542012,0.24353014991523,0.0478,TRUE,FALSE
9,0.09,0.01,3,811113,10.1241654689171,0.241714613731327,0.0418,TRUE,FALSE
9,0.09,0.05,1,811120,13.6550866903695,0.310910571493412,0.0422,TRUE,FALSE
9,0.09,0.05,2,811127,13.6942898123798,0.314109119064465,0.0356,TRUE,FALSE
9,0.09,0.05,3,811134,13.6463946625609,0.310825134496522,0.0383,TRUE,FALSE
9,0.095,0.001,1,811141,7.90111260922512,0.194692226568236,0.0477,TRUE,FALSE
9,0.095,0.001,2,811148,7.70100314307285,0.188853141812065,0.037,TRUE,FALSE
9,0.095,0.001,3,811155,8.19318550952934,0.199292474869508,0.0442,TRUE,FALSE
9,0.095,0.01,1,811162,11.1529396408383,0.257240118009852,0.0399,TRUE,FALSE
9,0.095,0.01,2,811169,11.21235988555,0.257301525851366,0.0412,TRUE,FALSE
9,0.095,0.01,3,811176,11.1184088545954,0.256441816070165,0.0411,TRUE,FALSE
9,0.095,0.05,1,811183,14.7085129957682,0.32606762872285,0.0354,TRUE,FALSE
9,0.095,0.05,2,811190,14.6929237103982,0.326524182674979,0.0311,TRUE,FALSE
9,0.095,0.05,3,811197,14.6886666933657,0.32769894138221,0.0338,TRUE,FALSE
9,0.1,0.001,1,811204,8.96057586909154,0.212062635998345,0.045,TRUE,FALSE
9,0.1,0.001,2,811211,9.20200954936434,0.217359729805497,0.0406,TRUE,FALSE
9,0.1,0.001,3,811218,8.96265246276593,0.212999773057977,0.0433,TRUE,FALSE
9,0.1,0.01,1,811225,12.1586339573497,0.271983339785607,0.0453,TRUE,FALSE
9,0.1,0.01,2,811232,12.1555338996501,0.272175573028608,0.0429,TRUE,FALSE
9,0.1,0.01,3,811239,12.1543027762574,0.273430428920423,0.0426,TRUE,FALSE
9,0.1,0.05,1,811246,15.7446739080455,0.342127114231935,0.0341,TRUE,FALSE
9,0.1,0.05,2,811253,15.6877159101191,0.34286667823626,0.04,TRUE,FALSE
9,0.1,0.05,3,811260,15.702222400216,0.341077841113885,0.0352,TRUE,FALSE
9,0.105,0.001,1,811267,10.1913877727198,0.23208159233203,0.0453,TRUE,FALSE
9,0.105,0.001,2,811274,10.06228297742,0.232426010225741,0.0486,TRUE,FALSE
9,0.105,0.001,3,811281,9.98034652415301,0.229427705616148,0.0488,TRUE,FALSE
9,0.105,0.01,1,811288,13.10468553697,0.288435301499152,0.0464,TRUE,FALSE
9,0.105,0.01,2,811295,13.0984705887588,0.2856666088187,0.0383,TRUE,FALSE
9,0.105,0.01,3,811302,13.1464250698255,0.285997677181647,0.0415,TRUE,FALSE
9,0.105,0.05,1,811309,16.7284156628561,0.356776889292341,0.0388,TRUE,FALSE
9,0.105,0.05,2,811316,16.6965547827661,0.35580237354657,0.0406,TRUE,FALSE
9,0.105,0.05,3,811323,16.6977414077229,0.356157471064892,0.0385,TRUE,FALSE
9,0.11,0.001,1,811330,11.4438704146216,0.253032345913041,0.0474,TRUE,FALSE
9,0.11,0.001,2,811337,11.3645148706356,0.252493024870176,0.0457,TRUE,FALSE
9,0.11,0.001,3,811344,11.3297022609655,0.251870936736574,0.0469,TRUE,FALSE
9,0.11,0.01,1,811351,14.1028744506297,0.30133094821717,0.045,TRUE,FALSE
9,0.11,0.01,2,811358,14.0813817060997,0.301395025964837,0.0487,TRUE,FALSE
9,0.11,0.01,3,811365,14.1547002956179,0.302278764901414,0.0477,TRUE,FALSE
9,0.11,0.05,1,811372,17.6747638987156,0.368326903309349,0.0377,TRUE,FALSE
9,0.11,0.05,2,811379,17.7155392987936,0.370113070525571,0.0359,TRUE,FALSE
9,0.11,0.05,3,811386,17.6980069150569,0.369458943518135,0.0411,TRUE,FALSE
9,0.115,0.001,1,811393,12.8497984962495,0.275934800891749,0.0461,TRUE,FALSE
9,0.115,0.001,2,811400,12.8590096724767,0.277902521726361,0.0503,TRUE,FALSE
9,0.115,0.001,3,811407,12.6246809091327,0.27281635050528,0.046,TRUE,FALSE
9,0.115,0.01,1,811414,15.0717240622325,0.315032906593333,0.0448,TRUE,FALSE
9,0.115,0.01,2,811421,15.1451613142465,0.314776595602665,0.0511,TRUE,FALSE
9,0.115,0.01,3,811428,15.0945962582749,0.313908876103005,0.0518,TRUE,FALSE
9,0.115,0.05,1,811435,18.7199579934765,0.385809448797875,0.04,TRUE,FALSE
9,0.115,0.05,2,811442,18.7356659413422,0.383911145523235,0.0394,TRUE,FALSE
9,0.115,0.05,3,811449,18.7346721429408,0.384773525210589,0.042,TRUE,FALSE
9,0.12,0.001,1,811456,13.960390458942,0.292747199935922,0.0496,TRUE,FALSE
9,0.12,0.001,2,811463,13.7030560042481,0.290181420123083,0.0506,TRUE,FALSE
9,0.12,0.001,3,811470,13.9981547981922,0.293793803147819,0.0531,TRUE,FALSE
9,0.12,0.01,1,811477,16.0799696224011,0.328857680652525,0.0486,TRUE,FALSE
9,0.12,0.01,2,811484,16.0358123411962,0.32786981537599,0.0484,TRUE,FALSE
9,0.12,0.01,3,811491,16.096315381181,0.328601369661856,0.0455,TRUE,FALSE
9,0.12,0.05,1,811498,19.7670506881683,0.396342228570666,0.0436,TRUE,FALSE
9,0.12,0.05,2,811505,19.6838979443206,0.397225967507242,0.0398,TRUE,FALSE
9,0.12,0.05,3,811512,19.7239762022365,0.396318199415291,0.0387,TRUE,FALSE
