"pathogen";"tier";"target_prevalence";"beta_within";"prev_median";"inc_median";"fit"
"MRSA";"Low";0,01;0,005;0,1002;0,4707;"Poor"
"MRSA";"Mid";0,115;0,007;0,1114;0,7247;"Excellent"
"MRSA";"High";0,25;0,017;0,2453;3,4455;"Excellent"
"VRE";"Low";0,005;0,005;0,1002;0,4707;"Poor"
"VRE";"Mid";0,08;0,005;0,1002;0,4707;"Good"
"VRE";"High";0,18;0,013;0,1722;1,9972;"Excellent"
"ESBL-E";"Low";0,02;0,005;0,1002;0,4707;"Poor"
"ESBL-E";"Mid";0,12;0,009;0,1264;1,048;"Excellent"
"ESBL-E";"High";0,3;0,019;0,2889;4,3751;"Good"
"CRE";"Low";0,002;0,005;0,1002;0,4707;"Poor"
"CRE";"Mid";0,03;0,005;0,1002;0,4707;"Poor"
"CRE";"High";0,1;0,005;0,1002;0,4707;"Excellent"
"CRAB";"Low";0,01;0,005;0,1002;0,4707;"Poor"
"CRAB";"Mid";0,07;0,005;0,1002;0,4707;"Fair"
"CRAB";"High";0,2;0,015;0,2047;2,6506;"Excellent"
