"beta_within";"n_reps";"prop_ss";"prev_median";"prev_q25";"prev_q75";"inc_median"
0,005;3;0;0,1002;0,1;0,1003;0,4707
0,007;3;0;0,1114;0,1114;0,1114;0,7247
0,009;3;0;0,1264;0,1261;0,1266;1,048
0,011;3;0;0,1467;0,1461;0,1476;1,4612
0,013;3;0;0,1722;0,1721;0,1724;1,9972
0,015;3;0;0,2047;0,2043;0,205;2,6506
0,017;3;0;0,2453;0,2447;0,2454;3,4455
0,019;3;0;0,2889;0,2885;0,2889;4,3751
0,021;3;0;0,3403;0,3392;0,3415;5,4408
0,023;3;0;0,3919;0,3912;0,3924;6,5345
0,025;3;0;0,4441;0,444;0,4442;7,6498
0,027;3;0;0,4924;0,4921;0,4931;8,7363
0,029;3;0;0,5377;0,5375;0,5385;9,8118
