"tier","seed_type","seed_rule","n_reps","mean_beta","ci_lo_95","ci_hi_95","beta_source","mean_net_prev_pct","sd_net_prev_pct","mean_cumulative_inc_1k","sd_cumulative_inc_1k","mean_ss_inc_last30_1k","sd_ss_inc_last30_1k","pct_extinct"
"Low","Network-central","Network hub",10,0.028,0.02545,0.029,"calibrated",0.14,0.45,0.003,0.0096,0.0177,0.0561,90
"Low","Facility-type random","Random MCO",10,0.028,0.02545,0.029,"calibrated",0,0,0,0,0,0,100
"Low","Facility-type random","Random MCO/SSR",10,0.028,0.02545,0.029,"calibrated",0.06,0.14,0.0015,0.0036,0.0083,0.0186,80
"Low","Facility-type random","Random SSR",10,0.028,0.02545,0.029,"calibrated",0,0.01,2e-04,5e-04,4e-04,0.0012,90
"Mid","Network-central","Network hub",10,0.029,0.029,0.029,"calibrated",0.13,0.28,0.0028,0.0062,0.0174,0.0377,80
"Mid","Facility-type random","Random MCO",10,0.029,0.029,0.029,"calibrated",0,0,0,0,0,0,100
"Mid","Facility-type random","Random MCO/SSR",10,0.029,0.029,0.029,"calibrated",0,0,0,1e-04,2e-04,5e-04,90
"Mid","Facility-type random","Random SSR",10,0.029,0.029,0.029,"calibrated",0.11,0.26,0.0029,0.0067,0.0148,0.0354,80
"High","Network-central","Network hub",10,0.05,0.035,0.08,"extrapolated",11.84,26.32,0.4711,1.203,1.5532,3.3836,80
"High","Facility-type random","Random MCO",10,0.05,0.035,0.08,"extrapolated",15.37,32.4,0.7879,1.664,1.9177,4.043,80
"High","Facility-type random","Random MCO/SSR",10,0.05,0.035,0.08,"extrapolated",22.72,36.59,0.9507,1.5337,2.865,4.6132,70
"High","Facility-type random","Random SSR",10,0.05,0.035,0.08,"extrapolated",45.35,39.06,2.035,1.8347,5.7052,4.9106,40
