"beta_within","n_reps","n_jobs","pct_extinct","pct_ss","inc_mean","inc_median","inc_q25","inc_q75","inc_sd","prev_median"
0.005,90,10,0,31.1,0.074,0.0355,0.0039,0.1814,0.0784,0.0072
0.01,90,10,0,36.7,0.158,0.0753,0.008,0.3893,0.1679,0.0077
0.015,90,10,0,55.6,0.2576,0.1229,0.0128,0.6343,0.2741,0.0084
0.02,90,10,0,66.7,0.3839,0.1848,0.0201,0.9429,0.4062,0.0098
0.025,90,10,0,66.7,0.5563,0.2816,0.0322,1.3497,0.5786,0.0127
0.03,90,10,0,70,0.8046,0.4447,0.0601,1.9037,0.8038,0.0179
0.035,90,10,0,82.2,1.1643,0.741,0.1224,2.6316,1.0832,0.028
0.04,90,10,0,100,1.6639,1.2259,0.2598,3.5086,1.3819,0.0443
0.045,90,10,0,100,2.2715,1.8968,0.4917,4.4634,1.6755,0.064
0.05,90,10,0,100,2.9809,2.7,0.7994,5.4734,1.9507,0.0865
0.055,90,10,0,100,3.7546,3.5804,1.2659,6.5041,2.1974,0.109
0.06,90,10,0,100,4.5776,4.4995,1.7753,7.5245,2.4044,0.1307
0.065,90,10,0,100,5.4355,5.4406,2.3619,8.5565,2.5793,0.1518
0.07,90,10,0,100,6.3366,6.3948,3.1126,9.5889,2.7044,0.1721
0.075,90,10,0,100,7.2287,7.2965,3.8867,10.6028,2.8169,0.1902
0.08,90,10,0,100,8.1791,8.2805,4.7366,11.6307,2.8908,0.2081
0.085,90,10,0,100,9.1739,9.2361,5.7455,12.6454,2.8903,0.2251
0.09,90,10,0,100,10.1794,10.1807,6.7746,13.6593,2.8751,0.2417
0.095,90,10,0,100,11.2128,11.1654,7.8752,14.6718,2.835,0.257
0.1,90,10,0,100,12.2802,12.1376,9.0706,15.684,2.7553,0.2724
0.105,90,10,0,100,13.3291,13.1157,10.2147,16.7066,2.7048,0.2868
0.11,90,10,0,100,14.4139,14.1156,11.4995,17.6978,2.6025,0.3013
0.115,90,10,0,100,15.4968,15.0945,12.7828,18.7143,2.5066,0.3148
0.12,90,10,0,100,16.5478,16.0683,13.914,19.706,2.4395,0.3279
